영문공항명,한글공항명,공항코드1(IATA),한글국가명
A Coruna Airport,아코루냐 공항,LCG,스페인
Aalborg Airport,올보르 공항,AAL,덴마크
Aarhus Airport,오르후스 공항,AAR,덴마크
Aasiaat Airport,아시아앗 공항,JEG,그린란드
Aba Segud Airport,아바 세구드 공항,JIM,이디오피아
Aba Tenna Dejazmach Yilma International Airport,아바 테나 데자즈마흐 일마 국제공항,DIR,이디오피아
Abadan Airport,아바단 공항,ABD,이란
Abaiang Airport,아바이앙 공항,ABF,키리바시
Abakan Airport,아바칸 공항,ABA,러시아
Abbotsford International Airport,애버츠퍼드 국제공항,YXX,캐나다
Abdelhafid Boussouf Bou Chekif Airport,압델하피드 부수프 부 체키프 공항,TID,알제리
Abdul Rachman Saleh Airport,압둘 라흐만 살레 공항,MLG,인도네시아
Abdullahi Yusuf International Airport,압둘라히 유수프 국제공항,GLK,소말리아
Abeche Airport,아베셰 공항,AEH,차드
Abeid Amani Karume International Airport,아베이드 아마니 카루메 국제공항,ZNZ,탄자니아
Abel SantamarIa Airport,아벨 산타마리아 공항,SNU,쿠바
Abemama Atoll Airport,아베마마 아톨 공항,AEA,키리바시
Aberdeen International Airport,애버딘 국제공항,ABZ,영국
Aberdeen Regional Airport,애버딘 지역 공항,ABR,미국
Abha Regional Airport,아바 공항,AHB,사우디아라비아
Abilene Regional Airport,애빌린 지역 공항,ABI,미국
Abraham Gonzalez International Airport,아브라함 곤잘레스 국제 공항,CJS,멕시코
Abraham Lincoln Capital Airport,에이브러햄 링컨 캐피털 공항,SPI,미국
Abruzzo Airport,아브루초 공항,PSR,이탈리아
Abu Dhabi International Airport,아부다비 국제공항,AUH,아랍에미레이트
Abu Musa Airport,아부무사 공항,AEU,이란
Abu Simbel Airport,아부심벨 공항,ABS,이집트
Acadiana Regional Airport,아카디아나 지역공항,ARA,미국
Acandi Alcides Fernandez Airport,아칸디 알시데스 페르난데스 공항,ACD,콜롬비아
Acapulco Alvarez International Airport,아카풀코 알바레스 국제공항,ACA,멕시코
Accra Kotoka International Airport,아크라 코토카 국제공항,ACC,가나
Achmad Yani International Airport,아흐마드 야니 국제공항,SRG,인도네시아
Achutupo Airport,아추투포 공항,ACU,파나마
Adado Airport,아다도 공항,AAD,소말리아
Adak Island Naval Airport,아다크 섬 해군 공항,ADK,미국
Adampur Airport,아담푸르 공항,AIP,인도
Adana Sakirpasa Airport,아다나 사키르파사 공항,ADA,터키
Addis Ababa Bole International Airport,아디스아바바 볼레 국제공항,ADD,이디오피아
Addison Airport,애디슨 공항,ADS,미국
Adelaide Airport,애들레이드 공항,ADL,오스트레일리아
Adelaide Parafield Airport,애들레이드 파라필드 공항,n/a,오스트레일리아
Aden Adde International Airport,아덴 아데 국제 공항,MGQ,소말리아
Aden International Airport,아덴 국제공항,ADE,예멘
Adirondack Regional Airport,애디론댁 공항,SLK,미국
Adisucipto International Airport,아디수킵토 국제 공항,JOG,인도네시아
Adisumarmo International Airport,아디수마르모 국제공항,SOC,인도네시아
Adiyaman Airport,아디야만 공항,ADF,터키
Adolfo Suarez Madrid Barajas Airport,아돌포 수아레스 마드리드 바라하스 공항,MAD,스페인
Adrar Touat Airport,아두라르 투아 공항,AZR,알제리
Aek Godang Airport,애크고당공항,AEG,인도네시아
Afonso Pena International Airport,아폰소 페나 국제 공항,CWB,브라질
Afutara Airport,아푸타라 공항,AFT,솔로몬 제도
Agadir Al Massira Airport,아가디르 알 마시라 공항,AGA,모로코
Agartala Airport,아가탈라 공항,IXA,인도
Agatti Aerodrome,아가티 비행장,AGX,인도
Agen La Garenne Airport,아겐 라 가렌느 공항,AGF,프랑스
Agra Airport,아그라 공항,AGR,인도
Agri Airport,아리 공항,AJI,터키
Aguachica Hacaritama Airport,아과치카 하카리타마 공항,HAY,콜롬비아
Aguaclara Airport,아과클라라 공항,ACL,콜롬비아
Aguas Claras Airport,아구아스 클라라스 공항,OCV,콜롬비아
Aguni Airport,아구니 공항,AGJ,일본
Ahe Airport,아헤 공항,AHE,프랑스령 폴리네시아
Ahvaz International Airport,아바즈 국제 공항,AWZ,이란
Ailinglaplap Airok Airport,아이링라플랍 아이록 공항,AIC,마샬 군도
Ailuk Airport,아일룩 공항,AIM,마샬 군도
Ain Arnat Airport,아인 아르나트 공항,QSF,알제리
Ain Beida Airport,아인 베이다 공항,OGX,알제리
Air Force Base Hoedspruit,공군 기지 호즈프룻,HDS,남아프리카
Aitutaki Airport,아이투타키 공항,AIT,쿡 군도
Ajaccio Napoleon Bonaparte Airport,아작시오 나폴레옹 보나파르트 공항,AJA,프랑스
Aji Pangeran Tumenggung Pranoto International Airport,아지 프린스 투멍궁 프라노토 국제공항,AAP,인도네시아
Ajmer Kishangarh Airport,아지메르 키샨가르 공항,KQH,인도
Akanu Ibiam International Airport,아카누 이비암 국제공항,ENU,나이지리아
Akhiok Airport,아키오크 공항,AKK,미국
Akiachak Airport,아키아착 공항,KKI,미국
Akiak Airport,아키악 공항,AKI,미국
Akita Airport,아키타 공항,AXT,일본
Aklavik Airport,아클라비크 공항,LAK,캐나다
Akola Airport,아콜라 공항,AKD,인도
Akron Canton Airport,애크런 캔턴 공항,CAK,미국
Aksu Airport,악수 공항,AKU,중국
Aktau Airport,악타우 공항,SCO,카자흐스탄
Aktion National Airport,악티온 국립 공항,PVK,그리스
Aktobe Airport,악토베 공항,AKX,카자흐스탄
Akulivik Airport,아쿨리비크 공항,AKV,캐나다
Akure Airport,아쿠레 공항,AKR,나이지리아
Akureyri Airport,아쿠레이리 공항,AEY,아이슬란드
Akutan Airport,아쿠탄 공항,KQA,미국
Al Abraq International Airport,알 아브라크 국제공항,LAQ,리비아
Al Ahsa International Airport,알아사 국제공항,HOF,사우디아라비아
Al Ain International Airport,알 아인 국제공항,AAN,아랍에미레이트
Al Alamain International Airport,알 알라마인 국제공항,DBB,이집트
Al Bateen Executive Airport,알 바틴 이그제큐티브 공항,AZI,아랍에미레이트
Al Diwaniya Airport,알 디와니야 공항,n/a,이라크
Al Ghaydah Airport,알가이다 공항,AAY,예멘
Al Hamra Seaplane Base,알 함라 수상비행기 기지,RHR,아랍에미레이트
Al Jawf Domestic Airport,알 자우프 국내선 공항,AJF,사우디아라비아
Al Maktoum International Airport,알 막툼 국제 공항,DWC,아랍에미레이트
Al Najaf International Airport,알 나자프 국제 공항,NJF,이라크
Al Qadisiyah/Diwaniya Airport,알 카디시야/디와니야 공항,n/a,이라크
Al Qaisumah/Hafr Al Batin Airport,알 카이수마/하프르 알 바틴 공항,AQI,사우디아라비아
Al Wajh Domestic Airport,알 와즈 국내선 공항,EJH,사우디아라비아
Alakanuk Airport,알라카누크 공항,AUK,미국
Alamogordo White Sands Regional Airport,앨라모고도 화이트 샌즈 공항,ALM,미국
Alar Talimu Airport,알라르 탈리무 공항,ACF,중국
Albacete Airport,알바세테 공항,ABC,스페인
Al-Baha Al-Aqiq Airport,알바하 알아키크 공항,ABT,사우디아라비아
Albano Machado Airport,알바노 마차도 공항,NOV,앙골라
Albany Airport,올버니 공항,ALH,오스트레일리아
Albany International Airport,올버니 국제 공항,ALB,미국
Alberni Valley Regional Airport,알버니 밸리 지역공항,YPB,캐나다
Albert J. Ellis Airport,앨버트 J. 엘리스 공항,OAJ,미국
Albert Picardie Airport,알버트 피카르디 공항,BYF,프랑스
Alberto Alcolumbre International Airport,알베르토 알콜룸브레 국제공항,MCP,브라질
Alberto Carnevalli Airport,알베르토 카르네발리 공항,MRD,베네수엘라
Albrook International Airport,알브룩 국제공항,PAC,파나마
Albuquerque International Sunport Airport,앨버커키 국제 선포트 공항,ABQ,미국
Albury Airport,앨버리 공항,ABX,오스트레일리아
AlcantarI Airport,알칸타리 공항,SRE,볼리비아
Aldan Airport,알단 공항,ADH,러시아
Alderney Airport,올더니 공항,ACI,건지
Alegrete Airport,알레그레테 공항,ALQ,브라질
Alejandro Velasco Astete International Airport,알레한드로 벨라스코 아스테테 국제공항,CUZ,페루
Aleknagik Airport,알렉나직 공항,WKK,미국
Aleppo International Airport,알레포 국제 공항,ALP,시리아
Alesund Airport,올레순비그라 공항,AES,노르웨이
Alexandra Aerodrome,알렉산드라 비행장,ALR,뉴질랜드
Alexandria International Airport,알렉산드리아 국제 공항,AEX,미국
Alexandroupoli Airport,알렉산드로폴리 공항,AXD,그리스
Alferez FAP David Figueroa Fernandini Airport,알페레스 FAP 다비드 피게로아 페르난디니 공항,HUU,페루
Alfonso Bonilla Aragon International Airport,알폰소 보닐라 아라곤 국제 공항,CLO,콜롬비아
Alfonso Lopez Pumarejo Airport,알폰소 로페스 푸마레호 공항,VUP,콜롬비아
Alfredo Vasquez Cobo International Airport,알프레도 바스케스 코보 국제공항,LET,콜롬비아
Alghero Fertilia Airport,알게로 페르틸리아 공항,AHO,이탈리아
Ali Pulan Airport,알리 풀란 공항,APJ,중국
Ali Sabieh Hassan Gouled Aptidon International Airport,알리 사비에 하산 굴레드 압티돈 국제공항,n/a,지부티
Alicante Elche Airport,알리칸테 엘체 공항,ALC,스페인
Alice International Airport,앨리스 국제 공항,ALI,미국
Alice Springs Airport,앨리스 스프링스 공항,ASP,오스트레일리아
Aligarh Airport,알리가르 공항,HRH,인도
Alitak Seaplane Base,알리탁 수상비행기 기지,ALZ,미국
Allahabad Airport,알라하바드 공항,IXD,인도
Allakaket Airport,알라카켓 공항,AET,미국
Allama Iqbal International Airport,알라마 이크발 국제 공항,LHE,파키스탄
Allegheny County Airport,앨러게니 카운티 공항,AGC,미국
Alliance Municipal Airport,얼라이언스 공항,AIA,미국
Alma Airport,알마 공항,YTF,캐나다
Almaty International Airport,알마티 국제 공항,ALA,카자흐스탄
AlmerIa Airport,알메리아 공항,LEI,스페인
Almirante Marcos A. Zar Airport,알미란테 마르코스 A. 자르 공항,REL,아르헨티나
Almirante Padilla Airport,알미란테 파딜라 공항,RCH,콜롬비아
Along Airport,알라오 공항,IXV,인도
Alor Island Airport,알로르 아일랜드 공항,ARD,인도네시아
Alpena County Regional Airport,앨피너 카운티 공항,APN,미국
Alpine Casparis Municipal Airport,알파인 카스파리 시립공항,ALE,미국
Alta Airport,알타 공항,ALF,노르웨이
Alta Floresta Airport,알타 플로레스타 공항,AFL,브라질
Altai Airport,알타이 공항,LTI,몽골
Altamira Airport,알타미라 공항,ATM,브라질
Altay Airport,알타이 공항,AAT,중국
Alto RIo Senguer Airport,알토 리오 셍구에르 공항,ARR,아르헨티나
Altoona Blair County Airport,앨투나 블레어 카운티 공항,AOO,미국
Alula Aba Nega Airport,알룰라 아바 네가 공항,MQX,이디오피아
Alxa Left Banner Bayanhot Airport,바얀호트 공항,AXF,중국
Alxa Right Banner Badanjilin Airport,바단길린 공항,RHT,중국
Alykel Airport,알리켈 공항,NSK,러시아
Alzintan Airport,알진탄 공항,ZIS,리비아
Amado Nervo International Airport,아마도 네르보 국제공항,TPQ,멕시코
Amakusa Airfield,아마쿠사 비행장,AXJ,일본
Amami Airport,아마미 공항,ASJ,일본
Amasya Merzifon Airport,아마시야 메르지폰 공항,MZH,터키
Ambala Airport,암발라 공항,n/a,인도
Ambalabe Airport,암발라베 공항,WAI,마다가스카르
Ambatomainty Airport,암바토마인티 공항,AMY,마다가스카르
Ambatondrazaka Airport,암바톤드라자카 공항,WAM,마다가스카르
Ambikapur Darima Airport,암비카푸르 다리마 공항,n/a,인도
Ambler Airport,앰블러 공항,ABL,미국
Amborovy Airport,암보로비 공항,MJN,마다가스카르
Amboseli Airport,암보셀리 공항,ASV,케냐
Ambrolauri Airport,암브롤라우리 공항,n/a,조지아
Amderma Airport,암데르마 공항,AMV,러시아
Amdjarass Airport,암자라스 공항,n/a,차드
Amgu Airport,암구 공항,AEM,러시아
AmIlcar Cabral International Airport,아밀카르 카브랄 국제공항,SID,카보베르데
Amman Civil Airport,암만 민간공항,ADJ,요르단
Amook Bay Seaplane Base ,아묵 베이 수상비행기 기지,AOS,미국
Ampara Airport,암파라 공항,ADP,스리랑카
Amravati/Belora Airport,암라바티/벨로라 공항,n/a,인도
Amsterdam AirportSchiphol,암스테르담 스키폴 공항,AMS,네덜란드
Anaa Airport,아나 공항,AAA,프랑스령 폴리네시아
Anadolu Airport,아나돌루 공항,AOE,터키
Anahim Lake Airport,아나힘 레이크 공항,YAA,캐나다
Anaktuvuk Pass Airport,아낙투북 패스 공항,AKP,미국
Anambra International Cargo Airport,아남브라 국제화물 공항,ANA,나이지리아
Anapa Vityazevo Airport,아나파 비티아제보 공항,AAQ,러시아
Anatom Airport,아톰공항,AUY,바누아투
Ancona Falconara Airport,안코나 팔코나라 공항,AOI,이탈리아
Andahuaylas Airport,안다와일라스 공항,ANS,페루
Andamooka Airport,안다무카 공항,ADO,오스트레일리아
Andavadoaka Airport,안다바도아카 공항,DVD,마다가스카르
Andi Jemma Airport,안디 젬마 공항,MXB,인도네시아
Andimba Toivo ya Toivo Airport,안딤바 토이보 야토이보 공항,OND,나미비아
Andizhan Airport,안디잔 공항,AZN,우즈베키스탄
Andoya Airport Andenes,안도야 공항,ANX,노르웨이
Andre Maggi Airport,안드레 마기 공항,OTT,브라질
Andres Miguel Salazar Airport,안드레스 미구엘 살라자르 공항,ICC,베네수엘라
Andrews Field,앤드루스 공군기지,ADW,미국
Andros Town International Airport,안드로스 타운 국제공항,ASD,바하마
Angads Airport,앙가드 공항,OUD,모로코
Angama Mara Airport,앙가마 마라 공항,ANA,케냐
angel Albino Corzo International Airport,앙헬 알비노 코르조 국제공항,TGZ,멕시코
Angelholm Helsingborg Airport,엔겔홀름 헬싱보리 공항,AGH,스웨덴
Angers Loire Airport,앙제 루아르 공항,ANE,프랑스
Anglesey Airport,앵글시 공항,VLY,영국
Angling Lake/Wapekeka Airport,앵글링 레이크/와페케카 공항,YAX,캐나다
Angoon Seaplane Base,앙군 수상비행기 기지,AGN,미국
Angouleme Cognac International Airport,앙굴렘 코냑 국제공항,ANG,프랑스
Angra dos Reis Carmelo Jordao Airport,카르멜로 조르당 공항,GDR,브라질
Aniak Airport,아니악 공항,ANI,미국
Aniwa Airport,아니와 공항,AWD,바누아투
Ankang Wulipu Airport,안캉 울리푸 공항,AKA,중국
Ankavandra Airport,앙카반드라 공항,JVA,마다가스카르
Ann Airport,앤 공항,VBA,미얀마
Annaba Rabah Bitat Airport,안나바 라바 비타트 공항,AAE,알제리
Annecy Haute Savoie Mont Blanc Airport,안시 몽블랑 공항,NCY,프랑스
Annobon Airport,아노본 공항,NBN,적도 기니
Anqing Tianzhushan Airport,안칭 티안주산 공항,AQG,중국
Anshan Teng'ao Airport,안산 텅아오 공항,AOG,중국
Anshun Huangguoshu Airport,안순 황궈슈 공항,AVA,중국
Anta Airport,안타 공항,ATA,페루
Antalya Airport,안탈리아 공항,AYT,터키
Antoine Simon Airport,앙투안 시몽 공항,CYA,아이티
Antonio B. Won Pat International Airport,안토니오 B. 원 팻 국제공항,GUM,괌
Antonio Correia Pinto de Macedo Airport,안토니오 코레이아 핀토 데 마세도 공항,LAJ,브라질
Antonio Jose de Sucre Airport,안토니오 호세 데 수크레 공항,CUM,베네수엘라
Antonio Maceo International Airport,안토니오 마세오 국제공항,SCU,쿠바
Antonio Narino Airport,안토니오 나리뇨 공항,PSO,콜롬비아
Antonio Rivera RodrIguez Airport,안토니오 리베라 로드리게스 공항,VQS,푸에르토리코
Antonio Roldan Betancourt Airport,안토니오 롤단 베탕쿠르 공항,APO,콜롬비아
Antsirabato Airport,안시라바토 공항,ANM,마다가스카르
Antsirabe Airport,안트시라베 공항,ATJ,마다가스카르
Antwerp International Airport,앤트워프 국제 공항,ANR,벨기에
Anvik Airport,안빅 공항,ANV,미국
Anyang Airport,안양공항,AYN,중국
Anyang Hongqiqu Airport,안양홍치취공항,HQQ,중국
Aomori Airport,아오모리 공항,AOJ,일본
Aosta Valley Airport,아오스타 밸리 공항,AOT,이탈리아
Apataki Airport,아파타키 공항,APK,프랑스령 폴리네시아
Apolo Airport,아폴로 공항,APB,볼리비아
Appleton International Airport,애플턴 국제공항,ATW,미국
April Point Water Aerodrome,에이프릴 포인트 수상비행장,YQJ,캐나다
Aracati Airport,아라카티 공항,ARX,브라질
Aracatuba Airport,아라사투바 공항,ARU,브라질
Arad International Airport,아라드 국제공항,ARW,루마니아
AraguaIna Airport,아라과이나 공항,AUX,브라질
Arak Airport,아라크 공항,AJK,이란
Aransas County Airport,애런사스 카운티 공항,RKP,미국
Aranuka Buariki Airport,아라누카 부아리키 공항,AAK,키리바시
Arapongas Airport,아라퐁가스 공항,APX,브라질
Arar Domestic Airport,아라르 국내선 공항,RAE,사우디아라비아
Araracuara Airport,아라라쿠아라 공항,ACR,콜롬비아
Araraquara Airport,아라라콰라 공항,AQA,브라질
Araripina Airport,아라리피나 공항,JAW,브라질
Arathusa Airport,아라투사 공항,ASS,남아프리카
Aratika Nord Airport,아라티카 노르드 공항,RKA,프랑스령 폴리네시아
Araxa Airport,아락사 공항,AAX,브라질
Araxos Airport,아락소스 공항,GPA,그리스
Arba Minch Airport,아르바 민치 공항,AMH,이디오피아
Arcata-Eureka Airport,아르카타-유레카 공항,ACV,미국
Arctic Bay Airport,북극 베이 공항,YAB,캐나다
Arctic Village Airport,북극 마을 공항,ARC,미국
Ardabil Airport,아르다빌 공항,ADU,이란
Ardmore Industrial Airpark,아드모어 산업 비행장,ADM,미국
are Ostersund Airport,아레 외스테르순드 공항,OSD,스웨덴
Arendal Airport Gullknapp,아렌달 공항 굴크냅,n/a,노르웨이
Argyle Airport,아가일 공항,GYL,오스트레일리아
Argyle International Airport,아가일 국제 공항,SVD,세인트빈센트그레나딘
Aripuana Airport,아리푸아낭 공항,AIR,브라질
Ariquemes Airport,아리케메스 공항,AQM,브라질
Aristides Pereira International Airport,아리스티데스 페레이라 국제공항,BVC,카보베르데
Arkansas International Airport,아칸소 국제 공항,BYH,미국
Arlington Municipal Airport,알링턴 시립공항,n/a,미국
Arlit Airport,아를릿 공항,RLT,니제르
Armidale Airport,아미데일 공항,ARM,오스트레일리아
Arnold Palmer Regional Airport,아놀드 파머 공항,LBE,미국
Aropa Airport,아로파 공항,KIE,파푸아뉴기니
Arorae Island Airport,아로라 아일랜드 공항,AIS,키리바시
Arrabury Airport,아라베리 공항,AAB,오스트레일리아
Arrachart Airport,아라차트 공항,DIE,마다가스카르
Arthur Napoleon Raymond Robinson International Airport,아서 나폴레옹 레이몬드 로빈슨 국제 공항,TAB,트리니다드토바고
Arthur's Town Airport,아서스 타운 공항,ATC,바하마
Arturo Merino BenItez International Airport,아르투로 메리노 베니테스 국제 공항,SCL,칠레
Arturo Michelena International Airport,아르투로 미켈레나 국제 공항,VLN,베네수엘라
Arua Airport,아루아 공항,RUA,우간다
Arusha Airport,아루샤 공항,ARK,탄자니아
Arutua Airport,아루투아 공항,AXR,프랑스령 폴리네시아
Arviat Airport,아르비아 공항,YEK,캐나다
Arvidsjaur Airport,아르비스야우르 공항,AJR,스웨덴
Arxan Yi'ershi Airport,아산 이얼시 공항,YIE,중국
Asaba International Airport,아사바 국제공항,ABB,나이지리아
Asahikawa Airport,아사히카와 공항,AKJ,일본
Asheville Regional Airport,애슈빌 공항,AVL,미국
Ashgabat International Airport,아시가바트 국제공항,ASB,투르크메니스탄
Asmara International Airport,아스마라 국제공항,ASM,에리트레아
Asosa Airport,아소사 공항,ASO,이디오피아
Aspen Pitkin County Airport,아스펜 핏킨 카운티 공항,ASE,미국
Assab International Airport,아사브 국제공항,ASA,에리트레아
Assiut Airport,아시우트 공항,ATZ,이집트
Astor Piazzolla International Airport,아스토르 피아졸라 국제공항,MDQ,아르헨티나
Astoria Regional Airport,아스토리아 지역공항,AST,미국
Asturias Airport,아스투리아스 공항,OVD,스페인
Astypalaia Island National Airport,아스티팔라이아 아일랜드 내셔널 공항,JTY,그리스
Aswan International Airport,아스완 국제공항,ASW,이집트
Atambua Haliwen Airport,아탐부아 할리웬 공항,ABU,인도네시아
Ataq Airport,아타크 공항,AXK,예멘
Athens Ben Epps Airport,아테네 벤 엡스 공항,AHN,미국
Athens International Airport,아테네 국제공항,ATH,그리스
Atka Airport,앗카 공항,AKB,미국
Atlangatepec Tlaxcala Airport,아틀란가테펙 틀락스칼라 공항,n/a,멕시코
Atlantic City International Airport,애틀랜틱시티 국제공항,ACY,미국
Atmautluak Airport,아트마우틀루악 공항,ATT,미국
Atqasuk Edward Burnell Sr. Memorial Airport,앳가숙 에드워드 버넬 시니어 메모리얼 공항,ATK,미국
Attapeu International Airport,아타푸 국제공항,AOU,라오스
Attawapiskat Airport,아타와피스캇 공항,YAT,캐나다
Atung Bungsu Airport,아퉁 붕수 공항,PXA,인도네시아
Atuona Airport,아투오나 공항,AUQ,프랑스령 폴리네시아
Atyrau Airport,아티라우 공항,GUW,카자흐스탄
Auburn University Regional Airport,오번대학교 지역공항,AUO,미국
Auckland Airport,오클랜드 공항,AKL,뉴질랜드
Augsburg Airport,아우크스부르크 공항,AGB,독일
Augusta Regional Airportat Bush Field,오거스타 공항앳 부시 필드,AGS,미국
Augusta State Airport,오거스타 주립공항,AUG,미국
Auguste George Airport,오귀스트 조지 공항,NGD,영국령 버진아일랜드
Augusto C. Sandino International Airport,아우구스토 C. 산디노 국제공항,MGA,니카라과
Auki Gwaunaru'u Airport,아우키 과우나루우 공항,AKS,솔로몬 제도
Aupaluk Airport,아우팔룩 공항,YPJ,캐나다
Aur Airport,아우르 공항,AUL,마샬 군도
Aurangabad Airport,아우랑가바드 공항,IXU,인도
Aurel Vlaicu International Airport,아우렐 블라이쿠 국제공항,BBU,루마니아
Aurillac Tronquieres Airport,오리락 공항,AUR,프랑스
Aurukun Airport,오루쿤 공항,AUU,오스트레일리아
Austin Bergstrom International Airport,오스틴 버그스트롬 국제공항,AUS,미국
Austin Straubel International Airport,오스틴 스트라우벨 국제 공항,GRB,미국
Avalon Airport,아발론 공항,AVV,오스트레일리아
Aviador Carlos Campos Airport,아비아도르 카를로스 캄포스 에어포트,CPC,아르헨티나
Avignon Provence Airport,아비뇽 프로방스 공항,AVN,프랑스
Awang Airport,아왕 공항,CBO,필리핀
Awasa Airport,아와사 공항,AWA,이디오피아
Axum Airport,악숨 공항,AXU,이디오피아
Ayan Airport,아얀 공항,n/a,러시아
Aydin Airport,아이딘 공항,CII,터키
Ayers Rock Airport,에어즈락 공항,AYQ,오스트레일리아
Ayodhya International Airport,아요디아 국제공항,AYJ,인도
Azamgarh Airport,아잠가르 공항,AZH,인도
Babo Airport,바보 공항,BXB,인도네시아
Bacacheri Airport,바카체리 공항,BFH,브라질
Bacau International Airport,바커우 국제공항,BCM,루마니아
Bacha Khan International Airport,바차 칸 국제 공항,PEW,파키스탄
Bachigualato Federal International Airport,바키구알라토 연방 국제공항,CUL,멕시코
Baco Airport,바코 공항,BCO,이디오피아
Bacolod Silay International Airport,바콜로드 실라이 국제공항,BCD,필리핀
Badajoz Airport,바다호스 공항,BJZ,스페인
Badu Island Airport,바두 아일랜드 공항,BDD,오스트레일리아
Bafoussam Airport,바푸샴 공항,BFX,카메룬
Bagdogra Airport,바그도그라 공항,IXB,인도
Baghdad International Airport,바그다드 국제 공항,BGW,이라크
Baglung Airport,바그룽 공항,BGL,네팔
Bagram Airfield,바그람 비행장,OAI,아프가니스탄
Bahawalpur Airport,바하왈푸르 공항,BHV,파키스탄
BahIa Pina Airport,바이아피냐 공항,BFQ,파나마
BahIas de Huatulco International Airport,바이아스 데 우아툴코 국제공항,HUX,멕시코
Bahir Dar Airport,바히르 다르 공항,BJR,이디오피아
Bahrain International Airport,바레인 국제 공항,BAH,바레인
Baia Mare Airport,바이아 마레 공항,BAY,루마니아
Baicheng Chang'an Airport,바이청 장안 공항,DBC,중국
Baidoa Airport,바이도아 공항,BIB,소말리아
Baie Comeau Airport,베 코모 공항,YBC,캐나다
Baikal International Airport,바이칼 국제 공항,UUD,러시아
Baise Bama Airport,바이스 바마 공항,AEB,중국
Bajawa Soa Airport,바자와 소아 공항,BJW,인도네시아
Bajura Airport,바주라 공항,BJU,네팔
Bakelalan Airport,바켈랄란 공항,BKM,말레이시아
Baker Lake Airport,베이커 레이크 공항,YBK,캐나다
Balakovo Airport,발라코보 공항,BWO,러시아
Balalae Airport,발랄래 공항,BAS,솔로몬 제도
Balikesir Airport,발리케시르 공항,BZI,터키
Balikesir Koca Seyit Airport,발리케시르 코카 세이이트 공항,EDO,터키
Balimo Airport,발리모 공항,OPU,파푸아뉴기니
Balkanabat Airport,발카나바트 공항,BKN,니제르
Balkhash Airport,발카쉬 공항,BXH,카자흐스탄
Ballarat Airport,밸러랫 공항,n/a,오스트레일리아
Ballera Airport,발레라 공항,BBL,오스트레일리아
Ballina Byron Gateway Airport,발리나 바이런 게이트웨이 공항,BNK,오스트레일리아
Balmaceda Airport,발마세다 공항,BBA,칠레
Balti International Airport,벨시 국제공항,BZY,몰도바
Baltimore/Washington International Thurgood Marshall Airport,볼티모어/워싱턴 인터내셔널 서굿 마샬 공항,BWI,미국
Balurghat Airport,발루가트 공항,RGH,인도
Bam Airport,뱀 공항,BXR,이란
Bamako Senou International Airport,바마코 세누 국제공항,BKO,말리
Bamenda Airport,바멘다 공항,BPC,카메룬
Bamyan Airport,바미얀 공항,BIN,아프가니스탄
Ban Huoeisay Airport,반 후오이세이 공항,HOE,라오스
Bancasi Airport,반카시 공항,BXU,필리핀
Bandar Abbas International Airport,반다르아바스 국제공항,BND,이란
Bandar Lengeh Airport,반다르 렝게 공항,BDH,이란
Bandaranaike International Airport,반다라나이케 국제공항,CMB,스리랑카
Bangoka International Airport,방고카 국제 공항,FKI,콩고 민주공화국
Bangor International Airport,뱅거 국제공항,BGR,미국
Bangui M'Poko International Airport,방기 음포코 국제공항,BGF,중앙아프리카공화국
Banja Luka International Airport,바냐루카 국제공항,BNX,보스니아 헤르체고비나
Banjul International Airport,반줄 국제공항,BJL,감비아
Bankstown Airport,뱅크스타운 공항,BWU,오스트레일리아
Bannu Airport,반누 공항,n/a,파키스탄
Bantayan Airport,반타얀 공항,n/a,필리핀
Banyuwangi Airport,반유왕이 공항,BWX,인도네시아
Baoshan Yunduan Airport,바오산 윈두안 공항,BSD,중국
Baotou Airport,바우터우 공항,BAV,중국
Baramati Airport,바라마티 공항,n/a,인도
Barbuda Codrington Airport,바부다 코드링턴 공항,BBQ,앤티가 바부다
Barcaldine Airport,바르칼딘 공항,BCI,오스트레일리아
Barcelona El Prat Airport,바르셀로나 엘프라트 공항,BCN,스페인
Barcelos Airport,바르셀로스 공항,BAZ,브라질
Bardufoss Airport,바두포스 공항,BDU,노르웨이
Bareilly Airport,바레일리 공항,BEK,인도
Bari Karol WojtyLa Airport,바리 카롤 보이티와 공항,BRI,이탈리아
Barimunya Airport,바리문야 공항,BYP,오스트레일리아
Barinas Airport,바리나스 공항,BNS,베네수엘라
Bario Airport,바리오 공항,BBN,말레이시아
Barisal Airport,바리살 공항,BZL,방글라데시
Barkley Regional Airport,바클리 공항,PAH,미국
Barksdale Air Force Base,바크스데일 공군기지,BAD,미국
Barnaul Airport,바르나울 공항,BAX,러시아
Barnstable Municipal Airport,반스터블 뮤니시펄 공항,HYA,미국
Barra Airport,바라 공항,BRR,영국
Barra do Garcas Airport,바라 두 가르사스 공항,BPG,브라질
Barreiras Airport,바레이라스 공항,BRA,브라질
Barreirinhas Airport,바레이리냐스 공항,BRB,브라질
Barrow Island Airport,배로우 아일랜드 공항,BWB,오스트레일리아
Barter Island LRRS Airport,바터 아일랜드 LRRS 공항,BTI,미국
Bartletts Airport,바틀렛 공항,BSZ,미국
Bartolome Salom Airport,바르톨로메 살롬 공항,PBL,베네수엘라
Bartolomeu Lysandro Airport,바르톨로메우 리산드로 공항,CAW,브라질
Basango Mboliasa Airport,바상고 음볼리아사 공항,KRZ,콩고 민주공화국
Basankusu Airport,바산쿠스 공항,BSU,콩고 민주공화국
Basco Airport,바스코 공항,BSO,필리핀
Basra International Airport,바스라 국제 공항,BSR,이라크
Bassel Al Assad International Airport,바셀 알 아사드 국제공항,LTK,시리아
Bastia Poretta Airport,바스티아 포레타 공항,BIA,프랑스
Bata Airport,바타 공항,BSG,적도 기니
Batagay Airport,바타가이 공항,BQJ,러시아
Batchelor Airport,배철러 공항,n/a,오스트레일리아
Bathinda Airport,비자냐 공군기지,BUP,인도
Bathpalathang Airport,바트팔라탕 공항,BUT,부탄
Bathurst Airport,배서스트 공항,BHS,오스트레일리아
Bathurst Airport,배서스트 공항,ZBF,캐나다
Bathurst Island Airport,배서스트 아일랜드 공항,BRT,오스트레일리아
Batken Airport,바켄 공항,n/a,키르기스스탄
Batman Airport,배트맨 공항,BAL,터키
Batna Airport,바트나 공항,BLJ,알제리
Baton Rouge Metropolitan Airport,배턴루지 메트로폴리탄 공항,BTR,미국
Batsfjord Airport,보츠피오르 공항,BJF,노르웨이
Batticaloa International Airport,바티칼로아 국제공항,BTC,스리랑카
Batu Licin Airport,바투 리친 공항,BTW,인도네시아
Batumi International Airport,바투미 국제공항,BUS,조지아
Batuna Airport,바투나 공항,BPF,솔로몬 제도
Bauchi State Airport,바우치 주립 공항,BCU,나이지리아
BauerFieldInternational Airport,바우어필드 국제 공항,VLI,바누아투
Bauru Arealva State Airport,바우루 아레알바 주립 공항,JTC,브라질
Bawean Airport,바웨안 공항,BXW,인도네시아
Bayanaul Airport,바야눌 공항,n/a,카자흐스탄
Bayankhongor Airport,바얀콩고르 공항,BYN,몽골
Bayannur Tianjitai Airport,바얀누르 톈지타이 공항,RLK,중국
Baykit Airport,베이킷 공항,n/a,러시아
Bazhong Enyang Airport,바중 엔양 공항,BZX,중국
Bearskin Lake Airport,베어스킨 레이크 공항,XBE,캐나다
Beaufort County Airport,보퍼트 카운티 공항,BFT,미국
Beauvais Tille Airport,보베 틸레 공항,BVA,프랑스
Beaver Airport,비버 공항,WBQ,미국
Bedourie Airport,베두리 공항,BEU,오스트레일리아
Bedwell Harbour Water Aerodrome,베드웰 하버 수상 비행장,YBW,캐나다
Begishevo Airport,베기셰보 공항,NBC,러시아
Begumpet Airport,베굼펫 공항,BPM,인도
Beihai Fucheng Airport,베이하이 푸청 공항,BHY,중국
Beijing Capital International Airport,베이징 서우두 국제공항,PEK,중국
Beijing Daxing International Airport,베이징 다싱 국제공항,PKX,중국
Beijing Nanyuan Airport,베이징 난위안 공항,NAY,중국
Beira Airport,베이라 공항,BEW,모잠비크
Beirut Rafic Hariri International Airport,베이루트 라픽 하리리 국제공항,BEY,레바논
Beja Airport,베자 공항,BYJ,포르투갈
Belaya Gora Airport,벨라야 고라 공항,BGN,러시아
Belem Protasio de Oliveira Airport,벨렘 프로타시오 데 올리베이라 공항,n/a,브라질
Belfast International Airport,벨파스트 국제 공항,BFS,영국
Belgaum Airport,벨가움 공항,IXG,인도
Belgorod International Airport,벨고로트 국제 공항,EGO,러시아
Belgrade Nikola Tesla Airport,베오그라드 니콜라 테슬라 공항,BEG,세르비아
Belize City Municipal Airport,벨리즈 시티 공항,TZA,벨리즈
Bella Bella Airport,벨라 벨라 ,ZEL,캐나다
Bella Coola Airport,벨라 쿨라 공항,QBC,캐나다
Bellary Airport,벨라리 공항,BEP,인도
Bellingham International Airport,벨링햄 국제 공항,BLI,미국
Anua Airport,아누아 공항,BNY,솔로몬 제도
Carlos Drummond de Andrade Airport,카를로스 드러먼드 데 안드라데 공항,PLU,브라질
Belo sur Tsiribihina Airport,벨로 수르 치리비히나 공항,BMD,마다가스카르
Beloyarsk Airport,벨로야르스크 공항,EYK,러시아
Bemidji Regional Airport,베미지 지역공항,BJI,미국
Ben Bruce Memorial Airpark,벤 브루스 메모리얼 에어파크,EVA,미국
Ben Gurion Airport,벤구리온 공항,TLV,이스라엘
Ben Slimane Airport,벤슬리만 공항,GMD,모로코
Benazir Bhutto International Airport,베나지어 부토 국제공항,n/a,파키스탄
Benbecula Airport,벤베큘라 공항,BEB,영국
Bender Qassim International Airport,벤더 카심 국제 공항,BSA,소말리아
Bendigo Airport,벤디고 공항,BXG,오스트레일리아
Benedito Lacerda Airport,베네디토 라세르다 공항,MEA,브라질
Bengbu Airport,방부공항,BFU,중국
Benguela Airport,벵겔라 공항,BUG,앙골라
Beni Airport,베니 공항,BNC,콩고 민주공화국
Beni Mellal Airport,베니 멜랄 공항,BEM,모로코
Benin Airport,베냉 공항,BNI,나이지리아
Benina International Airport,베니나 국제 공항,BEN,리비아
Benito Salas Airport,베니토 살라스 공항,NVA,콜롬비아
BenjamIn Rivera Noriega Airport,벤자민 리베라 노리에가 공항,CPX,푸에르토리코
Bensbach Airport,벤스바흐 공항,BSP,파푸아뉴기니
Bentota River Airport,벤토타 리버 공항,BJT,스리랑카
Berbera Airport,베르베라 공항,BBO,소말리아
Berens River Airport,베렌스 리버 공항,YBV,캐나다
Bergen Airport Flesland,플레스랜드 공항,BGO,노르웨이
Bergerac Dordogne Perigord Airport,베르주라크 도르도뉴 페리고르 공항,EGC,프랑스
Berlevag Airport,베를레보그 공항,BVG,노르웨이
Berlin Brandenburg Airport,베를린 브란덴부르크 공항,BER,독일
Bern Airport,베른 공항,BRN,스위스
Bert Mooney Airport,버트 무니 공항,BTM,미국
Bertoua Airport,베르투아 공항,BTA,카메룬
Bertram Luiz Leupolz Sorocaba Airport,베르트람 루이스 로이폴츠 소로카바 공항,SOD,브라질
Beru Island Airport,베루 섬 공항,BEZ,키리바시
Beryozovo Airport,베리조보 공항,EZV,러시아
Besalampy Airport,베살람피 공항,BPY,마다가스카르
Beslan Airport,베슬란 공항,OGZ,러시아
Bethel Airport,베델 공항,BET,미국
Betoambari Airport,베토암바리 공항,BUW,인도네시아
Betong Airport,베통 공항,BTZ,태국
Bettles Airport,베틀스 공항,BTT,미국
Beziers Cap d'Agde Airport,베지어 캅 다그드 공항,BZR,프랑스
Bhadrapur Airport,바드라푸르 공항,BDP,네팔
Bhamo Airport,바모 공항,BMO,미얀마
Bharatpur Airport,바랏푸르 공항,BHR,네팔
Bhavnagar Airport,바브나가르 공항,BHU,인도
Bhojpur Airport,보즈푸르 공항,BHP,네팔
Bhuj Airport,부지 공항,BHJ,인도
Bhuntar Airport,분타르 공항,KUU,인도
Bialystok Krywlany Airport,비아위스토크 크리울라니 공항,QYY,폴란드
Biarritz Pays Basque Airport,비아리츠 페이 바스크 공항,BIQ,프랑스
Bicol International Airport,비콜 국제공항,DRP,필리핀
Bidar Airport,비다르 공항,IXX,인도
Bien Hoa Airport,비엔호아 공항,n/a,베트남
Big Bay Water Aerodrome,빅 베이 수상 비행장,YIG,캐나다
Big Creek Airport,빅 크릭 공항,n/a,미국
Big Trout Lake Airport,빅 트라우트 레이크 공항,YTL,캐나다
Biggs Army Airfield,빅스 육군 비행장,BIF,미국
Bihac Airport,비하치 공항,n/a,보스니아 헤르체고비나
Bijie Feixiong Airport,비지에 페이슝 공항,BFJ,중국
Biju Patnaik International Airport,비주 파트나이크 국제공항,BBI,인도
Bikini Atoll Airport,비키니 아톨 공항,BII,마샬 군도
Bilaspur Airport,빌라스푸르 공항,PAB,인도
Bilbao Airport,빌바오 공항,BIO,스페인
BIldudalur Airport,빌두달루르 공항,BIU,아이슬란드
Biliran Airport,빌리란 공항,n/a,필리핀
Billings Logan International Airport,빌링스 로건 국제 공항,BIL,미국
Billund Airport,빌룬드 공항,BLL,덴마크
Billy Bishop Toronto City Airport,빌리 비숍 토론토 시티 공항,YTZ,캐나다
Biloela Airport,빌로엘라 공항,ZBL,오스트레일리아
Binaka Airport,비나카 공항,GNS,인도네시아
Bingl Airport,빙골 공항,BGG,터키
Bintulu Airport,빈툴루 공항,BTU,말레이시아
Biratnagar Airport,비랏나가르 공항,BIR,네팔
Birch Creek Airport,버치 크릭 공항,KBC,미국
Birdsville Airport,버즈빌 공항,BVI,오스트레일리아
Birjand International Airport,비르잔드 국제 공항,XBJ,이란
Birmingham Airport,버밍엄 공항,BHX,영국
Birmingham Shuttlesworth International Airport,버밍엄 셔틀스워스 국제공항,BHM,미국
Birnin Kebbi International Airport,비르닌 케비 국제공항,n/a,나이지리아
Birsa Munda Airport,비르사 문다 공항,IXR,인도
Bisha Domestic Airport,비샤 국내선 공항,BHH,사우디아라비아
Bishop International Airport,비숍 국제 공항,FNT,미국
Biskra Airport,비스크라 공항,BSK,알제리
Bismarck Municipal Airport,비스마르크 공항,BIS,미국
Biysk Airport,비스크 공항,n/a,러시아
Bjorkvik Airport,비요르크비크 공항,n/a,스웨덴
Black Tickle Airport,블랙 티클 공항,YBI,캐나다
Blackall Airport,블랙올 공항,BKQ,오스트레일리아
Blackbushe Airport,블랙부셰 공항,BBS,영국
Blackpool Airport,블랙풀 공항,BLK,영국
Blaise Diagne International Airport,블레즈 디아뉴 국제 공항,DSS,세네갈
Block Island State Airport,블록 아일랜드 스테이트 공항,BID,미국
Bloemfontein Airport,블룸폰테인 공항,BFN,남아프리카
BloomFieldAirport,블룸필드 공항,BFC,오스트레일리아
Blue Canyon Nyack Airport,블루 캐니언 나이액 공항,BLU,미국
Blue Grass Airport,블루 그래스 공항,LEX,미국
Blue Mountain Airport,블루 마운틴 공항,VBM,미국
BlueField Airport,블루필즈 공항,BEF,니카라과
Boa Vista International Airport,보아 비스타 국제 공항,BVB,브라질
Bob Baker Memorial Airport,밥 베이커 메모리얼 공항,IAN,미국
Bob Hope Airport,밥 호프 공항,BUR,미국
Bobo Dioulasso Airport,보보 디울라소 공항,BOY,부르키나 파소
Boca Raton Airport,보카 레이턴 공항,BCT,미국
"Bocas del Toro ""Isla Colon"" International Airport","보카스 델 토로 ""이슬라 콜론"" 국제공항",BOC,파나마
Bodaybo Airport,보다이보 공항,ODO,러시아
Bodo Airport,보되 공항,BOO,노르웨이
Bodrum Imsik Airport,보드룸 임식 공항,BXN,터키
Boende Airport,보엔데 공항,BNB,콩고 민주공화국
Bogashevo Airport,보가셰보 공항,TOF,러시아
Bogorodskoye Airport,보고로드스코예 공항,BQG,러시아
Bohol Panglao International Airport,보홀 팡라오 국제공항,TAG,필리핀
Boigu Island Airport,보이구 아일랜드 공항,GIC,오스트레일리아
Boise Air Terminal ,보이시 에어터미널 ,BOI,미국
Bojnord Airport,보이노르드 공항,BJB,이란
Bokaro Airport,보카로 공항,n/a,인도
Bokeo International Airport,보케오 국제공항,BOR,라오스
Bokhtar International Airport,보흐타르 국제공항,KQT,타지키스탄
Bokpyin Airport,복평공항,VBP,미얀마
Bol Airport,볼 공항,BWK,크로아티아
Bole Alashankou Airport,볼레 알라샨커우 공항,BPL,중국
Bologna Guglielmo Marconi Airport,볼로냐 굴리엘모 마르코니 공항,BLQ,이탈리아
Bolzano Airport,볼차노 공항,BZO,이탈리아
Bom Futuro Municipal Airport,봄 푸투로 시립공항,LVR,브라질
Bom Jesus Vale do Gurgueia Regional Airport,봉 제주스 발레 두 구르게이아 지역 공항,n/a,브라질
Boma Airport,보마 공항,BOA,콩고 민주공화국
Bonaventure Airport,보나벤투라 공항,YVB,캐나다
Bonito Airport,보니토 공항,BYO,브라질
Bonne Terre Airport,본 테르 공항,n/a,미국
Bonriki International Airport,본리키 국제 공항,TRW,키리바시
Boolgeeda Airport,불지다 공항,OCM,오스트레일리아
Boone County Airport,분 카운티 공항,HRO,미국
Bora Bora Airport,보라보라 공항,BOB,프랑스령 폴리네시아
Bordeaux Merignac Airport,보르도 메리냑 공항,BOD,프랑스
Bordj Mokhtar Airport,보르지 모크타르 공항,BMW,알제리
Borg El Arab Airport,보르그 엘 아랍 공항,HBE,이집트
Borkum Airfield,보르쿰 비행장,BMK,독일
Bornholm Airport,본홀름 공항,RNN,덴마크
Borongan Airport,보롱간 공항,BPA,필리핀
Boryspil International Airport,보리스필 국제공항,KBP,우크라이나
Bost Airport,보스트 공항,BST,아프가니스탄
Bouake Airport,부아케 공항,BYK,코트디부아르
Bouarfa Airport,부아르파 공항,UAR,모로코
Boudghene Ben Ali Lotfi Airport,부게네 벤알리 로트피 공항,CBH,알제리
Boulder City Municipal Airport,볼더 시티 시립공항,BLD,미국
Boulia Airport,불리아 공항,BQL,오스트레일리아
Boun Neua Airport,분네우아 공항,PCQ,라오스
Boundary Bay Airport,바운더리 베이 공항,YDT,캐나다
Bourke Airport,버크 공항,BRK,오스트레일리아
Bournemouth Airport,본머스 공항,BOH,영국
Bowling Green Warren County Regional Airport,볼링그린 워렌 카운티 공항,BWG,미국
Bozeman Yellowstone International Airport,보즈먼 옐로스톤 국제공항,BZN,미국
Bradford Regional Airport,브래드퍼드 공항,BFD,미국
Bradley International Airport,브래들리 국제 공항,BDL,미국
Braganca Airport,브라간사 공항,BGC,포르투갈
Brahmapur Airport,브라마푸르 공항,n/a,인도
Brainerd Lakes Regional Airport,브레이너드 레이크 공항,BRD,미국
Brak Airport,브락 공항,BCQ,리비아
Brampton Island Airport,브램턴 아일랜드 공항,BMP,오스트레일리아
Brandon Municipal Airport,브랜든 뮤니시펄 공항,YBR,캐나다
Branson Airport,브랜슨 공항,BKG,미국
BrasIlia International Airport,브라질리아 국제공항,BSB,브라질
Brasov Ghimbav International Airport,브라쇼브 김바브 국제공항,GHV,루마니아
Bratsk Airport,브라츠크 공항,BTK,러시아
Braunschweig Wolfsburg Airport,브라운슈바이크 볼프스부르크 공항,BWE,독일
Bremen Airport,브레멘 공항,BRE,독일
Brescia Airport,브레시아 공항,VBS,이탈리아
Brest Airport,브레스트 공항,BQT,벨라루시
Brest Bretagne Airport,브레스트 브르타뉴 공항,BES,프랑스
Brevig Mission Airport,브레빅 미션 공항,KTS,미국
Bridgewater Air Park,브리지워터 에어파크,n/a,미국
Brigadier Mayor Cesar RaUl Ojeda Airport,세자르 라울 오헤다 공항준장,LUQ,아르헨티나
Brindisi Salento Airport,브린디시 살렌토 공항,BDS,이탈리아
Brisbane Airport,브리즈번 공항,BNE,오스트레일리아
Brisbane Archerfield Airport,브리즈번 아처필드 공항,n/a,오스트레일리아
Bristol Airport,브리스톨 공항,BRS,영국
Brive Souillac Airport,브리브 / 수이락 공항,BVE,프랑스
Brno Turany Airport,브르노 투르자니 공항,BRQ,체코
Broadford Airfield,브로드포드 비행장,SKL,영국
Brochet Airport,브로셰 공항,YBT,캐나다
Brockville Regional Tackaberry Airport,브로크빌 지역 태커베리 공항,XBR,캐나다
Broken Hill Airport,브로큰 힐 공항,BHQ,오스트레일리아
Bronnoysund Airport Bronnoy,브로노이 공항,BNN,노르웨이
Brookings Regional Airport,브루킹스 공항,BKX,미국
Broome International Airport,브룸 국제 공항,BME,오스트레일리아
Bruce Campbell Field,브루스 캠벨 필드 ,DXE,미국
Brunei International Airport,브루나이 국제 공항,BWN,브루나이
Brunswick Golden Isles Airport,브런즈윅 골든 아일즈 공항,BQK,미국
Brus Laguna Airport,브루스 라구나 공항,BHG,온두라스
Brussels Airport,브뤼셀 공항,BRU,벨기에
Brussels South Charleroi Airport,브뤼셀 사우스 샤를루아 공항,CRL,벨기에
Bryansk International Airport,브랸스크 국제 공항,BZK,러시아
Buchanan FieldAirport,뷰캐넌필드 공항,CCR,미국
Bucholz Army Airfield,부숄츠 육군 비행장,KWA,마샬 군도
Buckland Airport,버클랜드 공항,BKC,미국
Budapest Ferenc Liszt International Airport,부다페스트 페렌츠 리스트 국제 공항,BUD,헝가리
Buenos Aires Airport,부에노스 아이레스 공항,BAI,코스타리카
Buffalo Niagara International Airport,버팔로 나이아가라 국제 공항,BUF,미국
Buffalo Range Airport,버팔로 레인지 공항,BFO,짐바브웨
Bugulma Airport,부굴마 공항,UUA,러시아
Bujumbura International Airport,부줌부라 국제공항,BJM,부룬디
Buka Island Airport,부카 아일랜드 공항,BUA,파푸아뉴기니
Bukhara International Airport,부하라 국제 공항,BHK,우즈베키스탄
Bukoba Airport,부코바 공항,BKZ,탄자니아
Bulagtai Airport,불락타이 공항,UGT,몽골
Bulgan Airport Khovd,불간 공항 Khovd,HBU,몽골
Buli Airport,불리 공항,PGQ,인도네시아
Bulolo Airport,불롤로 공항,BUL,파푸아뉴기니
Bumba Airport,붐바 공항,BMB,콩고 민주공화국
Bundaberg Airport,번더버그 공항,BDB,오스트레일리아
Bunia Airport,부니아 공항,BUX,콩고 민주공화국
Buon Ma Thuot Airport,부온마투옷 공항,BMV,베트남
Burgas Airport,부르가스 공항,BOJ,불가리아
Burgos Airport,부르고스 공항,RGS,스페인
Buriram Airport,부리람 공항,BFV,태국
Burketown Airport,버크타운 공항,BUC,오스트레일리아
Burlington International Airport,벌링턴 국제 공항,BTV,미국
Burlington-Alamance Regional Airport,벌링턴-알라마스 지역 공항,n/a,미국
Burnie Airport,버니 공항,BWT,오스트레일리아
Bushehr Airport,부셰르 공항,BUZ,이란
Busselton Margaret River Airport,버셀턴 마가렛 리버 공항,BQB,오스트레일리아
Butaritari Atoll Airport,부타리타리 환초 공항,BBG,키리바시
Butembo Airport,부템보 공항,RUE,콩고 민주공화국
Buttonville Municipal Airport,버튼빌 공항,YKZ,캐나다
Buyant Ukhaa International Airport,보얀트 우카 국제공항,ULN,몽골
Bydgoszcz Ignacy Jan Paderewski Airport,비드고슈치 이그나시 얀 파데레프스키 공항,BZG,폴란드
Ca Mau Airport,까마우 공항,CAH,베트남
Cabinda Airport,카빈다 공항,CAB,앙골라
Cable Airport,케이블 공항,CCB,미국
Cabo Frio International Airport,카보 프리우 국제공항,CFB,브라질
Cabo Rojo Airport,카보 로호 공항,CBJ,도미니카공화국
Cacador Airport,카사도르 공항,CFC,브라질
Caceres Airport,카세레스 공항,CCX,브라질
Cachoeiro de Itapemirim Airport,카초에이루 데 이타페미림 공항,CDI,브라질
Cacique Aramare Airport,카시케 아라마레 공항,PYH,베네수엘라
Cad. FAP Guillermo del Castillo Paredes Airport,캐디드 FAP 기예르모 델 카스티요 파레데스 공항,TPP,페루
Cadjehoun Airport,캐드훈 공항,COO,베냉
Caen Carpiquet Airport,캉 카르피케 공항,CFR,프랑스
Cagayan North International Airport,카가얀 노스 국제공항,LLC,필리핀
Cagliari Elmas Airport,칼리아리 엘마스 공항,CAG,이탈리아
Cairns Airport,케언즈 공항,CNS,오스트레일리아
Cairo Capital International Airport,카이로 캐피털 국제공항,CCE,이집트
Cairo International Airport,카이로 국제 공항,CAI,이집트
Cajazeiras Airport,카자제이라스 공항,CJZ,브라질
Calais Dunkerque Airport,칼레 됭케르크 공항,CQF,프랑스
Calayan Island Dadao Airport,칼라얀 아일랜드 다다오 공항,n/a,필리핀
Calbayog Airport,칼바요그 공항,CYP,필리핀
Caldas Novas Airport,칼다스 노바스 공항,CLV,브라질
Calgary International Airport,캘거리 국제 공항,YYC,캐나다
Calicut International Airport,캘리컷 국제 공항,CCJ,인도
Calvi Sainte Catherine Airport,칼비생트 카트린 공항,CLY,프랑스
Cam Ranh International Airport,깜라인 국제공항,CXR,베트남
Cambridge Airport,케임브리지 공항,CBG,영국
Cambridge Bay Airport,케임브리지 베이 공항,YCB,캐나다
Camden Airport,캠든 공항,CDU,오스트레일리아
Camiguin Airport,카미귄 공항,CGM,필리핀
Camilo Daza International Airport,카밀로 다자 국제 공항,CUC,콜롬비아
Campbell Army Airfield,캠벨 육군 비행장,HOP,미국
Campbell River Airport,캠벨 리버 공항,YBL,캐나다
Campbell River Water Aerodrome,캠벨 리버 워터 비행장,YHH,캐나다
Campbeltown Airport,캠벨타운 공항,CAL,영국
Campina Grande Airport,캄피나 그란데 공항,CPV,브라질
Campinas Amarais Airport,캄피나스 아마라이스 공항,n/a,브라질
Campo Grande International Airport,캄포 그란데 국제 공항,CGR,브라질
Can Tho International Airport,껀터 국제공항,VCA,베트남
Canadian Forces Base Bagotville,캐나다 군사 기지 Bagotville,YBG,캐나다
Canadian Rockies International Airport,캐나디언 로키스 국제공항,YXC,캐나다
Canaima Airport,카나이마 공항,CAJ,베네수엘라
canakkale Airport,차나칼레 공항,CKZ,터키
Canal Bajo Carlos Hott Siebert Airport,오소로노 공항,ZOS,칠레
Canberra Airport,캔버라 공항,CBR,오스트레일리아
CancUn International Airport,칸쿤 국제 공항,CUN,멕시코
CaneFieldAirport,케인필드 공항,DCF,도미니카
Canela Airport,카넬라 공항,CEL,바하마
Cangyuan Washan Airport,창위안 와산 공항,CWJ,중국
Cangzhou Airport,창저우 공항,n/a,중국
Cannes Mandelieu Airport,칸 망들리유 공항,CEQ,프랑스
Canouan Airport,카누안 공항,CIW,세인트빈센트그레나딘
Canyonlands Field,캐니언랜즈 필드,CNY,미국
Cap Skirring Airport,캡스컬링 공항,CSK,세네갈
Cap. FAP Pedro Canga RodrIguez Airport,페드로 칸가 로드리게스 공항,TBP,페루
Cape Barren Island Airport,케이프 배런 아일랜드 공항,CBI,오스트레일리아
Cape Dorset Airport,케이프 도싯 공항,YTE,캐나다
Cape Girardeau Regional Airport,케이프 지라도 공항,CGI,미국
Cape Lisburne LRRS Airport,케이프 리스번 LRRS 공항,LUR,미국
Cape Town International Airport,케이프 타운 국제 공항,CPT,남아프리카
Cape Winelands Airport,케이프 와인랜드 공항,n/a,남아프리카
Capital City Airport,캐피털 시티 공항,HAR,미국
Capital do Cafe Airport,캐피탈 두 카페 공항,OAL,브라질
Capital Region International Airport,캐피털 리전 국제공항,LAN,미국
Capitan Av. Juan Cochamanidis Airport,카피탄 애비뉴 후안 코차마니디스 공항,SNG,볼리비아
Capitan FAP Renan ElIas Olivera Airport,카피탄 FAP 레난 엘리아스 올리베라 공항,PIO,페루
Capitan FAP VIctor Montes Arias International Airport,카피탄 FAP 빅토르 몬테스 아리아스 국제공항,TYL,페루
Capitan German Quiroga Guardia Airport,게르만 키로가 과르디아 공항,SRJ,볼리비아
Capitan Jose Daniel Vazquez Airport,카피탄 호세 다니엘 바스케스 공항,ULA,아르헨티나
Capitan Oriel Lea Plaza Airport,캡틴 오리엘 레아 플라자 공항,TJA,볼리비아
Capitan Vicente Almandos Almonacid Airport,카피탄 비센테 알만도스 알모나시드 공항,IRJ,아르헨티나
Captain AnIbal Arab Airport,캡틴 아니발 아랍 공항,CIJ,볼리비아
Captain Nicolas Rojas Airport,캡틴 니콜라스 로하스 공항,POI,볼리비아
Captain Ramon Xatruch Airport,캡틴 라몬 자트루치 공항,PLP,파나마
Capurgana Airport,카푸르가나 공항,CPB,콜롬비아
Car Nicobar Air Force Base,자동차 니코바르 공군 기지,CBD,인도
Caracarai Airport,카라카라이 공항,n/a,브라질
Carajas Airport,카라하스 공항,CKS,브라질
Carauari Airport,카라우아리 공항,CAF,브라질
Caravelas Airport,카라벨라스 공항,CRQ,브라질
Carcassonne Airport,카르카손 공항,CCF,프랑스
Cardiff Airport,카디프 공항,CWL,영국
Cardiff St Athan Air Base,카디프 세인트 아단 공군기지,n/a,영국
Carlisle Lake District Airport,칼라일 공항,CAX,영국
Carlos Concha Torres International Airport,카를로스 콘차 토레스 국제 공항,ESM,에콰도르
Carlos Manuel de Cespedes Airport,카를로스 마누엘 데 세스페데스 공항,BYM,쿠바
Carlos Rovirosa Perez International Airport,카를로스 로비로사 페레스 국제 공항,VSA,멕시코
Carnarvon Airport,카나본 공항,CVQ,오스트레일리아
Carrasco Gral. Cesareo L. Berisso International Airport,카라스코 그랄. 체사레오 L. 베리소 국제공항,MVD,우루과이
Carriel Sur International Airport,카리엘 수르 국제공항,CCP,칠레
Carrillo Airport,카리요 공항,PLD,코스타리카
Cartago Airport,카르타고 공항,n/a,수단
Cartwright Airport,카트라이트 공항,YRF,캐나다
Caruaru Airport,카루아루 공항,CAU,브라질
Casablanca Anfa Airport,카사블랑카 안파 공항,CAS,모로코
Casablanca Tit Mellil Airport,카사블랑카 티트 멜릴 공항,n/a,모로코
Cascais Municipal Aerodrome,카스카이스 시립 비행장,CAT,포르투갈
Cascavel Airport,카스카벨 공항,CAC,브라질
Casper Natrona County International Airport,캐스퍼 내트로나 카운티 국제공항,CPR,미국
Cassidy International Airport,캐시디 국제 공항,CXI,키리바시
Castellon Costa Azahar Airport,카스테욘 코스타 아자하르 공항,CDT,스페인
Castle Airport,캐슬 공항,MER,미국
Castlereigh Reservoir Seaplane Base,캐슬레이 저수지 수상비행기 기지,NUF,스리랑카
Castres Mazamet Airport,카스트레스 마자메트 공항,DCM,프랑스
Cat Bi International Airport,깟비 국제공항,HPH,베트남
Cat Lake Airport,캣레이크 공항,YAC,캐나다
Catalina Island Two Harbors Airport,카탈리나 아일랜드 투 하버스 공항,TWH,미국
Catania Fontanarossa Airport,카타니아 폰타나로사 공항,CTA,이탈리아
Cataratas del IguazU International Airport,카타라타스 델 이구아수 국제공항,IGR,아르헨티나
Catarman National Airport,카타르만 공항,CRM,필리핀
Catbalogan Airport,카트발로간 공항,n/a,필리핀
Catumbela Airport,카툼벨라 공항,CBT,앙골라
Cauayan Airport,카우아얀 공항,CYZ,필리핀
Caucaya Airport,카우카야 공항,LQM,콜롬비아
Cavern City Air Terminal,캐번 시티 에어 터미널,CNM,미국
Caxambu Airport,칵삼부 공항,n/a,브라질
Caxias do Sul Airport,카시아스두술 공항,CXJ,브라질
Caye Caulker Airport,케이콜커 공항,CUK,벨리즈
Caye Chapel Airport,카예 채플 공항,CYC,벨리즈
Cayenne Felix Eboue Airport,카이엔 펠릭스 에부에 공항,CAY,프랑스령 기아나
Cecil Airport,세실 공항,VQQ,미국
Cedar City Regional Airport,시더 시티 공항,CDC,미국
Ceduna Airport,세두나 공항,CED,오스트레일리아
Cengiz Topel Naval Air Station,첸기즈 토펠 해군 비행장,KCO,터키
Centennial Airport,센테니얼 공항,APA,미국
Central Airport,센트럴 공항,CEM,미국
Central Illinois Regional Airport,센트럴 일리노이 공항,BMI,미국
Central Nebraska Regional Airport,센트럴 네브래스카 공항,GRI,미국
Central Wisconsin Airport,센트럴 위스콘신 공항,CWA,미국
Central Wyoming Regional Airport,센트럴 와이오밍 공항,RIW,미국
Cerro Moreno International Airport,세로 모레노 국제 공항,ANF,칠레
Cesar Lim Rodriguez Airport,세자르 림 로드리게스 공항,RZP,필리핀
Cesaria evora Airport,체사리아 에보라 공항,VXE,카보베르데
Ceske Budejovice Airport,체스케부데요비체 공항,JCL,체코
CFB Cold Lake,CFB 콜드 레이크 ,YOD,캐나다
CFB Goose Bay,CFB 구스베이,YYR,캐나다
Chacalluta International Airport,차칼루타 국제공항,ARI,칠레
Chachapoyas Airport,차차포야스 공항,CHH,페루
Chadron Municipal Airport,채드런 시립공항,CDR,미국
Chafei Amsei Airport,차페이 암세이 공항,BAT,브라질
Chaghcharan Airport,차차란 공항,CCN,아프가니스탄
Chaiten Airport,차이텐 공항,n/a,칠레
Chalkyitsik Airport,찰키칙 공항,CIK,미국
Chalons Vatry Airport,샬롱 배트리 공항,XCR,프랑스
Chambery Savoie Airport,샹베리 액스레뱅 공항,CMF,프랑스
Chandigarh Airport,찬디가르 공항,IXC,인도
Chandrapur Airport,찬드라푸르 공항,n/a,인도
Changbaishan Airport,창바이산 공항,NBS,중국
Changchun Longjia International Airport,장춘 룽지아 국제공항,CGQ,중국
Changde Taohuayuan Airport,창더 타오화위안 공항,CGD,중국
Changhai Airport,장하이 공항,CNI,중국
Changsha Huanghua International Airport,창사 황화 국제공항,CSX,중국
Changuinola International Airport,창위놀라 국제공항,CHX,파나마
Changzhi Wangcun Airport,창즈 왕춘 공항,CIH,중국
Changzhou Benniu Airport,창저우 베니우 공항,CZX,중국
Chania International Airport,하니아 국제공항,CHQ,그리스
Chaoyang Airport,차오양 공항,CHG,중국
Chara Airport,차라 공항,CZR,러시아
Charles B. Wheeler Downtown Airport,찰스 B. 휠러 다운타운 공항,MKC,미국
Charles de Gaulle Airport,샤를 드골 공항,CDG,프랑스
Charles Kirkconnell International Airport,찰스 커코넬 국제 공항,CYB,케이멘제도
Charles M. Schulz Sonoma County Airport,찰스 M. 슐츠 소노마 카운티 공항,STS,미국
Charleston International Airport,찰스턴 국제공항,CHS,미국
Charleville Airport,샤를르빌 공항,CTL,오스트레일리아
Charlevoix Municipal Airport,샤를부아 시립공항,n/a,미국
Charlo Airport,샬로 공항,YCL,캐나다
Charlotte Douglas International Airport,샬럿 더글러스 국제 공항,CLT,미국
Charlottesville Albemarle Airport,샬러츠빌 앨버말 공항,CHO,미국
Charlottetown Airport,샬럿타운 공항,YHG,캐나다
Charlottetown Airport,샬럿타운 공항,YYG,캐나다
Chateauroux Centre Airport,샤토룩스 데올 공항,CHR,프랑스
Chattanooga Metropolitan Airport,채터누가 메트로폴피탄 공항,CHA,미국
Chaudhary Charan Singh International Airport,아마우시 공항,LKO,인도
Chaurjahari Airport,차우르자하리 공항,RUK,네팔
Chaurjhari Airport,차우르자리 공항,HRJ,네팔
Chautauqua County Jamestown Airport,셔터쿼 카운티 제임스타운 공항,JHW,미국
Cheboksary Airport,체보크사리 공항,CSY,러시아
Cheddi Jagan International Airport,체디 자간 국제 공항,GEO,가이아나
Chefornak Airport,체포르낙 공항,CYF,미국
Chelinda Airport,첼린다 공항,CEH,말라위
Chelyabinsk Airport,첼랴빈스크 공항,CEK,러시아
Chenega Bay Airport,체네가베이 공항,NCN,미국
Chengde Puning Airport,청더 푸닝 공항,CDE,중국
Chengdu Shuangliu International Airport,청두 솽류 국제공항,CTU,중국
Chengdu Tianfu International Airport,청두 톈푸 국제공항,TFU,중국
Chennai International Airport,첸나이 국제 공항,MAA,인도
Chennault International Airport,첸노 국제 공항,CWF,미국
Chenzhou Beihu Airport,첸저우 베이후 공항,HCZ,중국
Cheongju International Airport,청주국제공항,CJJ,대한민국
Cherbourg Maupertus Airport,쉘부르 마우페르투스 공항,CER,프랑스
Cherepovets Airport,체레포베츠 공항,CEE,러시아
Cherif Al Idrissi Airport,체리프 알 이드리시 공항,AHU,모로코
Cherkasy International Airport,체르카시 국제 공항,CKC,우크라이나
Chernivtsi International Airport,체르니우치 국제공항,CWC,우크라이나
Cherry Capital Airport,체리 캐피탈 공항,TVC,미국
Chersky Airport,체르스키 공항,CYX,러시아
ChesterFieldInlet Airport,체스터필드 인렛 공항,YCS,캐나다
Chetumal International Airport,체투말 국제 공항,CTM,멕시코
Chevak Airport,체박 공항,VAK,미국
Chevery Airport,체버리 공항,YHR,캐나다
Cheyenne Regional Airport,샤이엔 지역공항,CYS,미국
Chhatrapati Shivaji International Airport,차트라파티 시바지 국제공항,BOM,인도
Chiang Mai International Airport,치앙마이 국제 공항,CNX,태국
Chiang Rai International Airport,치앙라이 국제공항,CEI,태국
Chiayi Airport,자이 공항,CYI,대만
Chibougamau Airport,치부가마우 공항,YMT,캐나다
Chicago Executive Airport,시카고 이그제큐티브 공항,PWK,미국
Chicago Rockford International Airport,시카고 락퍼드 국제공항,RFD,미국
Chichen Itza International Airport,치첸이트사 국제공항,CZA,멕시코
Chichijima Airport,치치지마 공항,n/a,일본
Chicken Airport,치킨 공항,CKX,미국
Chico Municipal Airport,치코 공항,CIC,미국
Chief Dawid Stuurman International Airport,치프 다위드 스터먼 국제공항,PLZ,남아프리카
Chifeng Yulong Airport,츠펑 위룽 공항,CIF,중국
Chignik Fisheries Airport,치그닉 수산 공항,KCG,미국
Chignik Lagoon Airport,치그닉 라군 공항,KCL,미국
Chignik Lake Airport,치그닉 레이크 공항,KCQ,미국
Chileka International Airport,칠레카 국제 공항,BLZ,말라위
Chillagoe Airport,칠라고 공항,LLG,오스트레일리아
Chimbu Airport,침부 공항,CMU,파푸아뉴기니
Chimoio Airport,치모이오 공항,VPY,모잠비크
Chimore Airport,치모어 공항,CCA,볼리비아
China Bay Airport,차이나 베이 공항,TRR,스리랑카
Chinchilla Airport,친칠라 공항,CCL,오스트레일리아
Chinggis Khaan International Airport,칭기즈칸 국제공항,UBN,몽골
Chingozi Airport,마툰도 공항,TET,모잠비크
Chios Island National Airport,키오스 아일랜드 국립 공항,JKH,그리스
Chipata Airport,치파타 공항,CIP,잠비아
Chippewa County International Airport,치페와 카운티 국제공항,CIU,미국
Chippewa Valley Regional Airport,치페와 밸리 공항,EAU,미국
Chisana Airport,치사나 공항,CZN,미국
Chisasibi Airport,치사시비 공항,YKU,캐나다
Chisinau International Airport,키시나우 국제공항,RMO,몰도바
Chita International Airport,치타 국제공항,HTA,러시아
Chitrakoot Airport,치트라쿠트 공항,CWK,인도
Chitral Airport,치트랄 공항,CJL,파키스탄
Chitre Alonso Valderrama Airport,치트레 알론소 발데라마 공항,CTD,파나마
Chizhou Jiuhuashan Airport,치저우 주화산 공항,JUH,중국
Chlef International Airport,츨레프 국제 공항,CFK,알제리
Chofu Airport,조후 공항,n/a,일본
Choibalsan Airport,최발산공항,COQ,몽골
Choiseul Bay Airport,최슬베이 공항,CHY,솔로몬 제도
Chokurdakh Airport,초쿠르다크 공항,CKH,러시아
Choluteca Airport,촐루테카 공항,n/a,온두라스
Chongjin Airport,청진공항,RGO,조선민주주의인민공화국
Chongqing Jiangbei International Airport,충칭 장베이 국제공항,CKG,중국
Chongqing Wushan Airport,충칭 우산 공항,WSK,중국
Chongqing Xiannvshan Airport,충칭 시안누샨 공항,CQW,중국
Chos Malal Airport,초스 말랄 공항,HOS,아르헨티나
Christchurch International Airport,크라이스트o치 국제 공항,CHC,뉴질랜드
Christmas Creek Airport,크리스마스 크릭 공항,CXQ,오스트레일리아
Christmas Island Airport,크리스마스 아일랜드 공항,XCH,크리스마스섬(오스트레일리아)
Chu Lai International Airport,추라이 국제공항,VCL,베트남
Chuathbaluk Airport,추스발룩 공항,CHU,미국
Chub Cay International Airport,o브 케이 국제 공항,CCZ,바하마
Chubu Centrair International Airport,주부 국제공항,NGO,일본
Chulman Neryungri Airport,철만 네룽리 공항,NER,러시아
Chumikan Airport,추미칸 공항,n/a,러시아
Chumphon Airport,춤폰 공항,CJM,태국
Churchill Airport,o칠 공항,YYQ,캐나다
Churchill Falls Airport,o칠폴스 공항,ZUM,캐나다
Chuuk International Airport,추크 국제 공항,TKK,미크로네시아연방
Ciampino G. B. Pastine International Airport,참피노 G. B. 파스틴 국제공항,CIA,이탈리아
Cibao International Airport,시바오 국제공항,STI,도미니카공화국
Cicia Airport,시시아 공항,ICI,피지
Cijulang Nusawiru Airport,찌줄랑 누사위루 공항,CJN,미국
Cincinnati Municipal Airport,신시내티 시립공항,LUK,미국
Cincinnati/Northern Kentucky International Airport,신시내티/노던 켄터키 국제공항,CVG,미국
Cinder Park Airport,신더 파크 공항,RCP,미국
Circle City Airport,서클시티 공항,IRC,미국
City of Derry Airport,에글린튼 공항,LDY,영국
Ciudad Constitucion Airport,시우다드 콘스티투시온 공항,CUA,멕시코
Ciudad de Catamayo Airport,시우다드 데 카타마요 공항,LOH,에콰도르
Ciudad del Carmen International Airport,시우다드 델 카르멘 국제 공항,CME,멕시코
Ciudad Guayana Airport,시우다드 과야나 공항,CGU,베네수엘라
Ciudad Obregon International Airport,시우다드 오브레곤 국제 공항,CEN,멕시코
Ciudad Real Central Airport,시우다드 리얼 센트럴 공항,CQM,스페인
Civil Aerodrome Khajuraho,카주라호 민간 비행장,HJR,인도
Clarence A. Bain Airport,클래런스 A. 베인 공항,MAY,바하마
Clarence Valley Regional Airport,클래런스 밸리 공항,GFN,오스트레일리아
Clark International Airport,클라크 국제 공항,CRK,필리핀
Clarks Point Airport,클락스 포인트 공항,CLP,미국
Clayton J. Lloyd International Airport,클레이튼 J. 로이드 국제 공항,AXA,앵귈라
Clayton Municipal Airpark,클레이튼 시립 비행장,CAO,미국
Clermont Airport,클레르몽 공항,CMQ,오스트레일리아
Clermont Ferrand Auvergne Airport,클레몽 페랑 오베뉴 공항,CFE,프랑스
Cleveland Burke Lakefront Airport,클리블랜드 버크 레이크프론트 공항,BKL,미국
Cleveland Hopkins International Airport,클리블랜드 홉킨스 국제 공항,CLE,미국
Clinton Municipal Airport,클린턴 공항,CWI,미국
Clinton National Airport,클린턴 내셔널 공항,LIT,미국
Clinton Regional Airport,클린턴 공항,CLK,미국
Cloncurry Airport,클론커리 공항,CNJ,오스트레일리아
Clovis Municipal Airport,클로비스 공항,CVN,미국
Club Makokola Airport,클럽 마코콜라 에어포트 ,CMK,말라위
Cluj Napoca International Airport,클루지나포카 국제공항,CLJ,루마니아
Clyde River Airport,클라이드 리버 공항,YCY,캐나다
Coari Airport,코아리 공항,CIZ,브라질
Coastal Carolina Regional Airport,코스탈 캐롤라이나 공항,EWN,미국
Coatepeque Airport,코아테페크 공항,CTF,페루
Cobar Airport,코바 공항,CAZ,오스트레일리아
Cochin International Airport,코친 국제공항,COK,인도
Coconut Island Airport,코코넛 아일랜드 공항,CNC,오스트레일리아
Cocos  Islands Airport,코코스 ,CCK,코코스제도(오스트레일리아)
Coen Airport,코엔 공항,CUQ,오스트레일리아
Coffee Point Airport,커피 포인트 공항,CFA,미국
Coffman Cove Seaplane Base,코프먼 코브 수상비행기 기지,KCC,미국
Coffs Harbour Airport,콥스 하버 공항,CFS,오스트레일리아
Coimbatore International Airport,코임바토르 국제 공항,CJB,인도
Coimbra Airport,코임브라 공항,n/a,포르투갈
Cold Bay Airport,콜드 베이 공항,CDB,미국
Coldfoot Airport,콜드풋 공항,CXF,미국
Coleman A. Young International Airport,콜맨 A. 영 국제 공항,DET,미국
Coll Airport,콜 공항,COL,영국
Cologne Bonn Airport,쾰른 본 공항,CGN,독일
Colombo International Airport Ratmalana,콜롬보 국제공항 라트말라나,RML,스리랑카
Colonel Hill Airport,콜론 힐 공항,CRI,바하마
Colonsay Airport,콜론세이 공항,CSA,영국
Colorado Springs Airport,콜로라도 스프링스 공항,COS,미국
Columbia Metropolitan Airport,콜럼비아 메트로폴리탄 공항,CAE,미국
Columbia Regional Airport,콜럼비아 공항,COU,미국
Columbus Airport,콜럼버스 공항,CSG,미국
Columbus Municipal Airport,콜럼버스 시립공항,CLU,미국
Colville Lake Airport,콜빌 호수/토미 코촌 비행장,YCK,캐나다
Comandante Armando Tola International Airport,코만단테 아르만도 톨라 국제공항,FTE,아르헨티나
Comandante Espora Airport,코망단트 에스포라 공항,BHI,아르헨티나
Comandante Gustavo Kraemer Airport,코만단테 구스타보 크라이머 공항,BGX,브라질
Comiso Airport,코미소 공항,CIY,이탈리아
Comodoro D. Ricardo Salomon Airport,코모도로 D. 리카르도 살로몬 공항,LGS,아르헨티나
Comodoro Pierrestegui Airport,코모도로 피에레스테기 공항,COC,아르헨티나
Comox Valley Airport,커먹스 밸리 공항,YQQ,캐나다
Comte. Antonio Amilton Beraldo Airport,콩트. 안토니오 아밀턴 베랄도 공항,PGZ,브라질
Comte. Ariston Pessoa Regional Airport,콩트. 아리스톤 페소아 지역공항,JJD,브라질
Con Dao Airport,꼰다오 공항,VCS,베트남
Conakry International Airport,코나크리 국제공항,CKY,기니
Concord Regional Airport,콩코드 지역공항,USA,미국
Concordia Airport,콘코르디아 공항,CCI,브라질
Confresa Airport,콘프레사 공항,CFO,브라질
Connemara Airport,코네마라 공항,NNR,아일랜드
Contador Airport,콘타도르 공항,PTX,콜롬비아
Contadora Airport,콘타도라 공항,OTD,파나마
Coober Pedy Airport,쿠버 페디 공항,CPD,오스트레일리아
Cooch Behar Airport,쿠치 베하르 공항,COH,인도
Cooktown Airport,쿡타운 공항,CTN,오스트레일리아
Cooma Snowy Mountains Airport,쿠마 스노위 마운틴 공항,OOM,오스트레일리아
Coondewanna Airport,쿤데완나 공항,CJF,오스트레일리아
Copan Ruinas Airport,코판 루이나스 공항,RUY,온두라스
Copenhagen Airport Kastrup,코펜하겐 공항 Kastrup,CPH,덴마크
Coral Harbour Airport,코럴 하버 공항,YZS,캐나다
Corazon de JesUs Airport,코라손 데 헤수스 공항,CZJ,파나마
Cordoba Airport,코르도바 공항,ODB,스페인
Corfu International Airport,코르푸 국제공항,CFU,그리스
Cork Airport,코크 공항,ORK,아일랜드
Corn Island Airport,콘아일랜드 공항,RNI,니카라과
Corner Bay Airport,코너 베이,CBA,미국
Coronel Altino Machado de Oliveira Airport,코로넬 알티노 마차도 데 올리베이라 에어포트,GVR,브라질
Coronel FAP Alfredo MendIvil Duarte Airport,야나밀라 공항,AYP,페루
Coronel FAP Carlos Ciriani Santa Rosa International Airport,코로넬 FAP 카를로스 시리아니 산타 로사 국제공항,TCQ,페루
Coronel FAP Francisco Secada Vignetta International Airport,코로넬 FAP 프란시스코 세카다 비네타 국제공항,IQT,페루
Coronel Felipe Varela International Airport,코로넬 펠리페 바렐라 국제 공항,CTC,아르헨티나
Coronel Horacio de Mattos Airport,코로넬 호라시오 데 마토스 공항,LEC,브라질
Corozal Airport,코로잘 공항,CZH,벨리즈
Corpus Christi International Airport,코퍼스 크리스티 국제 공항,CRP,미국
Corrente Airport,코렌테 공항,n/a,브라질
Cortes Island Aerodrome,코르테스 아일랜드 비행장,YCF,캐나다
Cortez Municipal Airport,코르테즈 시립 공항,CEZ,미국
Corumba International Airport,코룸바 국제공항,CMG,브라질
Corvo Airport,코르보 공항,CVU,포르투갈
Costa Esmeralda Airport,코스타 에스메랄다 공항,ECI,니카라과
Coto 47 Airport,코토 47 공항,OTR,코스타리카
Cotopaxi International Airport,코토팍시 국제공항,LTX,에콰도르
Cottbus Drewitz Airport,콧부스 드레비츠 공항,CBU,독일
Coventry Airport,코번트리 공항,CVT,영국
Cox's Bazar Airport,콕스 바자르 공항,CXB,방글라데시
Cozumel International Airport,코수멜 국제 공항,CZM,멕시코
Craig Cove Airport,크레이그 코브 공항,CCV,바누아투
Craig Seaplane Base,크레이그 수상비행기 기지,CGA,미국
Craiova International Airport,크라이오바 국제공항,CRA,루마니아
Cranfield Airport,크랜필드 공항,n/a,영국
Creel Airport,크릴 공항,n/a,멕시코
Croker Island Airport,크로커 아일랜드 공항,CKI,오스트레일리아
Crooked Creek Airport,크룩트 크릭 공항,CKD,미국
Cross Lake  Airport,크로스 레이크 ,YCR,캐나다
Crotone Airport,코로톤 공항,CRV,이탈리아
Cruzeiro do Sul International Airport,크루제이루두술 국제공항,CZS,브라질
Cuamba Airport,쿠암바 공항,FXO,모잠비크
Cukurova International Airport,추쿠로바 국제공항,COV,터키
Culpina Airport,쿨피나 공항,n/a,볼리비아
Cumbernauld Airport,컴버놀드 공항,n/a,영국
Cunderdin Airport,컨더딘 공항,n/a,오스트레일리아
Cuneo International Airport,쿠네오 국제 공항,CUF,이탈리아
Cunnamulla Airport,쿤나물라 공항,CMA,오스트레일리아
Curacao International Airport,퀴라소 국제공항,CUR,네덜란드령 퀴라소
Cut Bank Municipal Airport,컷 뱅크 공항,CTB,미국
Cut Nyak Dhien Airport,컷 냑 디엔 공항,MEQ,인도네시아
Cuyo Airport,쿠요 공항,CYU,필리핀
Cyril E. King Airport,시릴 E. 킹 공항,STT,버진 아일랜드
Czestochowa Rudniki Airport,쳉스토호바 루드니키 공항,n/a,폴란드
Da Nang International Airport,다낭 국제 공항,DAD,베트남
Dabo Singkep Airport,다보 싱켑 공항,SIQ,인도네시아
Dabolim Airport,다보림 공항,GOI,인도
Dadu Airport,다두 공항,DDU,파키스탄
Daegu International Airport,대구국제공항,TAE,대한민국
Dakhla Airport,다클라 공항,VIL,서사하라
Dala Airport,달라 공항,BLE,스웨덴
Dalaman Airport,달라만 공항,DLM,터키
Dalanzadgad Airport,달란자드가드 공항,DLZ,몽골
Dalbandin Airport,달반딘 공항,DBA,파키스탄
Dali Airport,다리 공항,DLU,중국
Dalian Zhoushuizi International Airport,다롄 저우수이쯔 국제공항,DLC,중국
Dallas Executive Airport,댈러스 이그제큐티브 공항,RBD,미국
Dallas Love Field,댈러스 러브 필드,DAL,미국
Dallas/Fort Worth International Airport,댈러스/포트워스 국제공항,DFW,미국
Dalma Airport,달마 공항,ZDY,아랍에미레이트
Dalnegorsk Airport,달네고르스크 공항,DHG,러시아
Dalnerechensk Airport,달네레첸스크 공항,DLR,러시아
Daloa Airport,달로아 공항,DJO,코트디부아르
Damascus International Airport,다마스쿠스 국제 공항,DAM,시리아
Damaturu International Airport,다마투루 국제공항,n/a,나이지리아
Damazin Airport,다마진 공항,RSS,수단
Dambulu Oya Tank Seaplane Base,담불루 오야 탱크 수상비행기 기지,DBU,스리랑카
Danbury Municipal Airport,댄버리 공항,DXR,미국
Dandong Langtou Airport,단동 랑터우 공항,DDG,중국
Dane County Regional Airport,데인 카운티 리저널 공항,MSN,미국
Dang Tarigaun Airport,당 타리가운 공항,DNP,네팔
Dangriga Airport,당그리가 공항,DGA,벨리즈
Daniel Oduber Quiros International Airport,다니엘 오두베르 퀴로스 국제공항,LIR,코스타리카
Daniel Z. Romualdez Airport,다니엘 Z. 로무알데스 공항,TAC,필리핀
Daocheng Yading Airport,다오청 야딩 공항,DCY,중국
Daporijo Airport,다포리조 공항,DEP,인도
Daqing Sartu Airport,다칭 사르투 공항,DQA,중국
Darab Airport,다랍 공항,n/a,이란
Darbhanga Airport,다르방가 공항,DBR,인도
Darnley Island Airport,단리 아일랜드 공항,NLF,오스트레일리아
Daru Airport,다루 공항,DAU,파푸아뉴기니
Darwin International Airport,다윈 국제 공항,DRW,오스트레일리아
Dasht e Naz Airport,다쉿 나즈 공항,SRY,이란
DaSoguz Airport,다쇼구즈 공항,TAZ,투르크메니스탄
Datadawai Airport,다타다와이 공항,DTD,인도네시아
Datia Airport,다티아 공항,DPP,인도
Datong Yungang Airport,다퉁 윈강 공항,DAT,중국
Dauphin Airport,도핀 공항,YDN,캐나다
David Constantijn Saudale Airport,데이비드 콘스탄틴 소데일 공항,RTI,인도네시아
David the Builder Kutaisi International Airport,데이비드 더 빌더 쿠타이시 국제공항,KUT,조지아
Davis Monthan Air Force Base,데이비스 몬탄 공군기지,DMA,미국
Dawadmi Domestic Airport,다와드미 국내선 공항,DWD,사우디아라비아
Dawei Airport,다웨이 공항,TVY,미얀마
Dawson City Airport,도슨 시티 공항,YDA,캐나다
Dawson Community Airport,도슨 커뮤니티 공항,GDV,미국
Dawson Creek Airport,도슨 크릭 공항,YDQ,캐나다
Dayrestan Airport,Dayrestan 공항(케심 국제공항,GSM,이란
Dayton International Airport,데이턴 국제 공항,DAY,미국
Dayton Wright Brothers Airport,데이턴 라이트 브라더스 공항,MGY,미국
Daytona Beach International Airport,데이토나 비치 국제 공항,DAB,미국
Dazhou Heshi Airport,다저우 허스 공항,DAX,중국
Dazhou Jinya Airport,다저우 진야 공항,DZH,중국
De Kooy Airfield,드 쿠이 비행장,DHR,네덜란드
Deadhorse Airport,데드호스 공항,SCC,미국
Deadman's Cay Airport,데드맨스 케이 공항,LGI,바하마
Dease Lake Airport,데즈 레이크 공항,YDL,캐나다
Deauville Saint Gatien Airport,도빌 생가티안 공항,DOL,프랑스
Debrecen International Airport,데브레첸 국제 공항,DEB,헝가리
Decatur Airport,디케 이터 공항,DEC,미국
Deer Lake Airport,디어 레이크 공항,YVZ,캐나다
Deer Lake Regional Airport,디어 레이크 공항,YDF,캐나다
Deering Airport,디어링 공항,DRG,미국
Dehong Mangshi Airport,망시 공항,LUM,중국
Deir ez Zor Airport,데이르에조르 공항,DEZ,시리아
DeKalb Peachtree Airport,드칼브 피치트리 공항,PDK,미국
Del BajIo International Airport,델 바히오 국제공항,BJX,멕시코
Del Norte County Airport,델 노르 카운티 공항,CEC,미국
Del Norte International Airport,델 노르테 국제공항,NTR,멕시코
Del Rio International Airport,델 리오 국제 공항,DRT,미국
Deline Airport,델린 공항,YWJ,캐나다
Delingha Airport,델링하 공항,HXD,중국
Delta County Airport,델타 카운티 공항,ESC,미국
Delta Junction Airport,델타 정션 공항,DJN,미국
Dembidolo Airport,뎀비돌로 공항,DEM,이디오피아
Deniliquin Airport,데닐리퀸 공항,DNQ,오스트레일리아
Denizli cardak Airport,데니즐리 차닥 공항,DNZ,터키
Denver International Airport,덴버 국제 공항,DEN,미국
Deoghar Airport,데오가르 공항,DGH,인도
Depati Amir Airport,데파티 아미르 공항,PGK,인도네시아
Depati Parbo Airport,데파티 파르보 공항,KRC,인도네시아
Deputado LuIs Eduardo Magalhaes International Airport,데푸타도 루이스 에두아르도 마갈량이스 국제공항,SSA,브라질
Deputatsky Airport,데푸타츠키 공항,DPT,러시아
Deqing Moganshan Airport,더칭 모간산 공항,n/a,중국
Dera Ghazi Khan International Airport,데라 가지 칸 국제 공항,DEA,파키스탄
Dera Ismail Khan Airport,데라 이스마일 칸 공항,DSK,파키스탄
Derby Airport,더비 공항,DRB,오스트레일리아
Des Moines International Airport,디모인 국제 공항,DSM,미국
Desierto de Atacama Airport,데시에르토 데 아타카마 공항,CPO,칠레
Desolation Sound Airport,데솔레이션 사운드 공항,YDS,캐나다
Destin Executive Airport,데스틴 이그제큐티브 공항,DSI,미국
Destin Fort Walton Beach Airport,데스틴 포트 월튼 비치 공항,VPS,미국
Detroit Metropolitan Wayne County Airport,디트로이트 메트로폴리탄 웨인 카운티 공항,DTW,미국
Devi Ahilyabai Holkar International Airport,데비 아힐랴바이 홀카르 국제공항,IDR,인도
Devils Lake Regional Airport,데블스 레이크 리저널 공항,DVL,미국
Devonport Airport,데본포트 공항,DPO,오스트레일리아
Dewadaru Airport,데와다루 공항,KWB,인도네시아
Dezful Airport,데즈풀 공항,DEF,이란
Dhaalu Airport,다알루 공항,DDD,몰디브
Dhangadhi Airport,당가디 공항,DHI,네팔
Dharavandhoo Airport,다라반두 공항,DRV,몰디브
Diamantina Airport,디아만티나 공항,DTI,브라질
Dibrugarh Airport,디브루가르 공항,DIB,인도
Dickinson Theodore Roosevelt Regional Airport,디킨슨 시어도어 루즈벨트 공항,DIK,미국
Diego Aracena International Airport,디에고 아라세나 국제 공항,IQQ,칠레
Dien Bien Phu Airport,디엔비엔푸 공항,DIN,베트남
Diffa Tandja Mamadou Airport,디파 탄자 마마두 공항,n/a,니제르
Dijon Air Base,디종 공군기지,DIJ,프랑스
Dikson Airport,딕슨 공항,DKS,러시아
Dillingham Airport,딜링햄 공항,DLG,미국
Dillon's Bay Airport,딜런스 베이 공항,DLY,바누아투
Dimapur Airport,디마푸르 공항,DMU,인도
Dinard Pleurtuit Saint Malo Airport,디나르 플뢰르튀 생 말로 공항,DNR,프랑스
Diomede Heliport,디오메데 헬리포트,DIO,미국
DiomIcio Freitas Airport,디오미시오 프레이타스 공항,CCM,브라질
Diori Hamani International Airport,디오리 하마니 국제공항,NIM,니제르
Dipayal Silgadhi Airport,디파얄 실가디 공항,n/a,네팔
Dipolog Airport,디포로그 공항,DPL,필리핀
Diqing Shangri La Airport,디칭 샹그릴라 공항,DIG,중국
Diu Airport,디우 공항,DIU,인도
Divinopolis Airport,디비노폴리스 공항,DIQ,브라질
Diyarbakir Airport,디야르바키르 공항,DIY,터키
Diyawanna Oya Seaplane Base,디야완나 오야 수상비행기 기지,DWO,스리랑카
Djambala Airport,잠발라 공항,DJM,콩고
Djerba Zarzis International Airport,제르바 자르지스 국제공항,DJE,튀니지
Djibouti Ambouli International Airport,지부티 암불리 국제공항,JIB,지부티
Dnipro International Airport,드니프로 국제 공항,DNK,우크라이나
Dobbins Air Reserve Base,도빈스 공군 예비군 기지,MGE,미국
Dobo Airport,도보 공항,DOB,인도네시아
Doctor Fernando Piragine Niveyro International Airport,페르난도 피라진 박사 니베이로 국제공항,CNQ,아르헨티나
Dodge City Regional Airport,닷지 시티 공항,DDC,미국
Dodoma Airport,도도마 공항,DOD,탄자니아
Dole Jura Airport,돌 쥐라 공항,DLE,프랑스
Dolisie Airport,돌리시 공항,DIS,콩고
Dolpa Airport,돌파 공항,DOP,네팔
Domingo Faustino Sarmiento Airport,도밍고 파우스티노 사르미엔토 공항,UAQ,아르헨티나
Dominique Edward Osok Airport,도미니크 에드워드 오속 공항,SOQ,인도네시아
Domodedovo International Airport,도모데도보 국제공항,DME,러시아
Don Mueang International Airport,돈므앙 국제공항,DMK,태국
Donakonda Airport,도나콘다 공항,n/a,인도
Doncaster Sheffield Airport,로빈훗 돈캐스터 쉐필드 공항,DSA,영국
Donegal Airport,도니골 공항,CFN,아일랜드
Donetsk International Airport,도네츠크 국제 공항,DOK,우크라이나
Dong Hoi Airport,동호이 공항,VDH,베트남
Dong Tac Airport,동택 공항,TBB,베트남
Dongola Airport,동골라 공항,DOG,수단
Dongying Shengli Airport,동영 셩리 공항,DOY,중국
Donoi Airport,도노이 공항,ULZ,몽골
Donyi Polo Airport,돈이 폴로 공항,HGI,인도
Doomadgee Airport,두마지 공항,DMD,오스트레일리아
Dortmund Airport,도르트문트 공항,DTM,독일
Dothan Regional Airport,도탄 공항,DHN,미국
Douala International Airport,두알라 국제공항,DLA,카메룬
Douglas Charles Airport,더글러스 찰스 공항,DOM,도미니카
Dourados Airport,두라도스 공항,DOU,브라질
Dover Air Force Base,도버 공군기지,DOV,미국
Dr. Antonio Nicolas Briceno Airport,닥터 안토니오 니콜라시 브리체뇨 공항,VLV,베네수엘라
Dr. Augusto Roberto Fuster International Airport,아우구스토 로베르토 푸스터 국제 공항,PJC,파라과이
Dr. Babasaheb Ambedkar International Airport,암베드카 국제공항,NAG,인도
Dr. Juan C. Angara Airport,발러 공항,BQA,필리핀
Dr. Luis MarIa Argana International Airport,닥터 루이스 마리아 아르가냐 국제공항,ESG,파라과이
Drake Bay Airport,드레이크 베이 공항,DRK,코스타리카
Drake Field,드레이크 필드 공항,FYV,미국
Dresden Airport,드레스덴 공항,DRS,독일
Dryden Regional Airport,드라이든 공항,YHD,캐나다
Dsseldorf Airport,뒤셀도르프 공항,DUS,독일
Dubai Creek Seaplane Base,두바이 크릭 수상비행기 기지,DCG,아랍에미레이트
Dubai International Airport,두바이 국제 공항,DXB,아랍에미레이트
Dubbo City Regional Airport,더보 시티 공항,DBO,오스트레일리아
Dublin Airport,더블린 공항,DUB,아일랜드
DuBois Regional Airport,두보이스 공항,DUJ,미국
Dubrovnik Airport,두브로브니크 공항,DBV,크로아티아
Dubuque Regional Airport,더뷰크 공항,DBQ,미국
Duluth International Airport,덜루스 국제 공항,DLH,미국
Dumka Sido Kanhu Airport,둠카 시도 칸후 공항,n/a,인도
Dundee Airport,던디 공항,DND,영국
Dundo Airport,둔도 공항,DUE,앙골라
Dunedin International Airport,더니든 국제 공항,DUD,뉴질랜드
Dunhuang Airport,둔황 공항,DNH,중국
Dunk Island Airport,덩크 아일랜드 공항,DKI,오스트레일리아
DuPage Airport,뒤페이지 공항,DPA,미국
Duqm International Airport,두쿰 국제공항,DQM,오만
Durango La Plata County Airport,두랑고 라플라타 카운티 공항,DRO,미국
Dushanbe International Airport,두샨베 국제 공항,DYU,타지키스탄
Dutse Airport,두체 공항,n/a,나이지리아
Dzaoudzi Pamandzi International Airport,자우지 파만지 국제공항,DZA,마요트
Eagle Airport,이글 공항,EAA,미국
Eagle County Regional Airport,이글 카운티 공항,EGE,미국
Eagle River Union Airport,이글 리버 유니언 공항,EGV,미국
East Hampton Airport,이스트 햄프턴 공항,HTO,미국
East Kimberley Regional Airport,이스트 킴벌리 공항,KNX,오스트레일리아
East Midlands Airport,이스트 미들랜드 공항,EMA,영국
East Texas Regional Airport,이스트 텍사스 공항,GGG,미국
Eastern Oregon Regional Airport,이스턴 오리건 공항,PDT,미국
Eastern Sierra Regional Airport,이스턴 시에라 공항,BIH,미국
Eastern WV Regional Airport,이스턴 WV 지역 공항,MRB,미국
Easterwood Airport,이스터우드 공항,CLL,미국
Eastmain River Airport,이스트메인 리버 공항,ZEM,캐나다
Ebon Airport,에본 공항,EBO,마샬 군도
Ebonyi Chuba Okadigbo International Airport,에보니 추바 오카디그보 국제공항,n/a,나이지리아
Ed Daein Airport,에드 데인 공항,ADV,수단
Eday Airport,이데이 공항,EOI,영국
Edinburgh Airport,에든버러 공항,EDI,영국
Edmonton International Airport,에드먼턴 국제 공항,YEG,캐나다
Edmonton Parkland Airport,에드먼턴 파크랜드 공항,n/a,캐나다
Edmundo Carvajal Airport,에드문도 카르바할 공항,XMS,에콰도르
Edna Bay Seaplane Base,에드나 베이 수상비행기 기지,EDA,미국
Eduardo Falla Solano Airport,에두아르도 팔라 솔라노 공항,SVI,콜롬비아
Eduardo Gomes International Airport,에두아르도 고메스 국제 공항,MAO,브라질
Edward Bodden Airfield,에드워드 보든 비행장,LYB,케이멘제도
Edward G. Pitka Sr. Airport,에드워드 G. 피트카 시니어 공항,GAL,미국
Edward River Airport,에드워드 리버 공항,EDR,오스트레일리아
Edwards Air Force Base,에드워즈 공군기지,EDW,미국
Eek Airport,에크 공항,EEK,미국
Egegik Airport,에게직 공항,EGX,미국
Egilsstaoir Airport,에질스스타디르 공항,EGS,아이슬란드
Eielson Air Force Base,아일슨 공군기지,EIL,미국
Eindhoven Airport,아인트호벤 공항,EIN,네덜란드
Eirunepe Airport,에이루네페 공항,ERN,브라질
Ejin Banner Taolai Airport,에진 배너 타오라이 공항,EJN,중국
Ekuk Airport,에쿡 공항,KKU,미국
Ekwok Airport,엑웍 공항,KEK,미국
El Aguacate Airport,엘 아과카테 공항,n/a,온두라스
El Alcaravan Airport,엘 알카라반 공항,EYP,콜롬비아
El Alto International Airport,엘 알토 국제 공항,LPB,볼리비아
El Arish International Airport,엘 아리시 국제공항,AAC,이집트
El Bagre Airport,엘 바그레 공항,EBG,콜롬비아
El Bayadh Airport,엘 바야드 공항,EBH,알제리
El Bolson Airport,엘 볼손 공항,EHL,아르헨티나
El Carano Airport,엘 카라뇨 공항,UIB,콜롬비아
El Dorado International Airport,엘도라도 국제 공항,BOG,콜롬비아
El Eden International Airport,엘 에덴 국제 공항,AXM,콜롬비아
El Embrujo Airport,엘 엠브루호 공항,PVA,콜롬비아
El Fasher Airport,엘 파셔 공항,ELF,수단
El Golea Airport,엘 골레아 공항,ELG,알제리
El Hierro Airport,엘 히에로 공항,VDE,스페인
El Kharga Airport,엘 카르가 공항,UVL,이집트
El Lencero Airport,엘 렌세로 공항,JAL,멕시코
El Loa Airport,엘 로아 공항,CJC,칠레
El Nido Airport,엘니도 공항,ENI,필리핀
El Nouzha Airport,엘 누자 공항,ALY,이집트
El Obeid Airport,엘 오베이드 공항,EBD,수단
El Palomar Airport,엘 팔로마 공항,EPA,아르헨티나
El Paso International Airport,엘패소 국제 공항,ELP,미국
El Porvenir Airport,엘 포르베니르 공항,PVE,파나마
El TajIn National Airport,엘 타진 내셔널 공항,PAZ,멕시코
El Tari Airport,엘 타리 공항,KOE,인도네시아
El Tehuelche Airport,엘 테우엘체 공항,PMY,아르헨티나
El Tepual Airport,엘 테푸알 공항,PMC,칠레
El Tigre Airport,엘 티그레 공항,ELX,베네수엘라
El Tor Airport,엘 토르 공항,ELT,이집트
El Trompillo Airport,엘 트롬필로 공항,SRZ,볼리비아
Elazig Airport,엘라지그 공항,EZS,터키
Elcho Island Airport,엘초 아일랜드 공항,ELC,오스트레일리아
Eldoret International Airport,엘도레트 국제 공항,EDL,케냐
Elenak Airport,엘레낙 공항,EAL,마샬 군도
Elfin Cove Seaplane Base,엘핀 코브 수상비행기 기지,ELV,미국
Elim Airport,엘림 공항,ELI,미국
Elista Airport,엘리스타 공항,ESL,러시아
Elko Regional Airport,엘코 공항,EKO,미국
Ellington Field,엘링턴 필드,EFD,미국
Ellisras Airport,엘리스라스 공항,ELL,남아프리카
Ellsworth Air Force Base,엘즈워스 공군기지,RCA,미국
Elmira Corning Regional Airport,엘미라 코닝 지역 공항,ELM,미국
Eloy Alfaro International Airport,엘로이 알파로 국제 공항,MEC,에콰도르
Elrose Airport,엘로즈 공항,ERQ,오스트레일리아
Ely Airport,엘리 공항,ELY,미국
Embu Airport,엠부 공항,n/a,케냐
Emerald Airport,에메랄드 공항,EMD,오스트레일리아
Emmen Air Base,엠멘 공군기지,EML,스위스
Emmonak Airport,엠모낙 공항,EMK,미국
Emo Airport,이모 공항,EMO,파푸아뉴기니
Enarotali Airport,에나로탈리 공항,EWI,인도네시아
Enejit Airport,에네짓 공항,EJT,마샬 군도
Enewetak Auxiliary Airfield,에네웨탁 보조 비행장,ENT,마샬 군도
Enfidha Hammamet International Airport,엔피다 함마메트 국제공항,NBE,튀니지
Enggano Island Airport,엥가노 아일랜드 공항,n/a,인도네시아
Enonteki Airport,에논테키외 공항,ENF,핀란드
Enrique Adolfo Jimenez Airport,엔리케 아돌포 히메네스 공항,ONX,파나마
Enrique Malek International Airport,엔리케 말렉 국제 공항,DAV,파나마
Enschede AirportTwente,엔스헤데 공항트벤테,ENS,네덜란드
Enshi Xujiaping Airport,엔스 쉬자핑 공항,ENH,중국
Entebbe International Airport,엔테베 국제 공항,EBB,우간다
Enua Airport,에누아 공항,AIU,쿡 군도
epinal Mirecourt Airport,에피날 미르쿠르 공항,EPL,프랑스
Eppley Airfield,에플리 비행장,OMA,미국
Erbil International Airport,에르빌 국제 공항,EBL,이라크
Erbogachen Airport,에르보가첸 공항,ERG,러시아
Ercan International Airport,에르칸 국제공항,ECN,키프러스
Erechim Airport,에레킴 공항,ERM,브라질
Erenhot Saiwusu International Airport,에렌호터 사이우스 국제공항,ERL,중국
Erfurt Weimar Airport,에르푸르트 바이마르 공항,ERF,독일
Erie International Airport,이리 국제공항,ERI,미국
Erik Nielsen Whitehorse International Airport,에릭 닐슨 화이트호스 국제공항,YXY,캐나다
Erkilet International Airport,에르킬레트 국제공항,ASR,터키
Ernest A. Love Field,어니스트 에이 러브 필드,PRC,미국
Ernesto Cortissoz International Airport,에르네스토 코르티소스 국제 공항,BAQ,콜롬비아
Eros Airport,에로스 공항,ERS,나미비아
Erzincan Airport,에르진칸 공항,ERC,터키
Erzurum Airport,에르주룸 공항,ERZ,터키
Esbjerg Airport,에스비에르 공항,EBJ,덴마크
Esenboga International Airport,에센보아 국제공항,ESB,터키
Esperance Airport,에스페란스 공항,EPR,오스트레일리아
Esquel Airport,에스켈 공항,EQS,아르헨티나
Essaouira Mogador Airport,에사우이라 모가도르 공항,ESU,모로코
Essen/Mlheim Airport,에센/뮬하임 공항,ESS,독일
Essendon Airport,에센돈 공항,MEB,오스트레일리아
Etimesgut Air Base,에타임스구트 공군기지,ANK,터키
Eua Airport,우아 공항,EUA,통가
Eugene Airport,유진 공항,EUG,미국
Eugenio MarIa de Hostos Airport,에우제니오 마리아 데 호스토스 공항,MAZ,푸에르토리코
Eurico de Aguiar Salles Airport,에우리코 살레즈 공항,VIX,브라질
EuroAirportBasel Mulhouse Freiburg,유로에어포트 바젤 뮐루즈 프라이부르크,BSL,스위스
EuroAirportBasel Mulhouse Freiburg,유로에어포트 바젤 뮐루즈 프라이부르크,MLH,프랑스
Evansville Regional Airport,에반스빌 공항,EVV,미국
Evelio Javier Airport,에벨리오 하비에르 공항,EUQ,필리핀
Ewer Airport,이워 공항,EWE,인도네시아
Excursion Inlet Seaplane Base,Excursion 입구 해저면 기지,EXI,미국
Exeter International Airport,엑서터 국제 공항,EXT,영국
Exuma International Airport,엑수마 국제 공항,GGT,바하마
Ezhou Huahu Airport,어저우 화후 공항,EHU,중국
F. D. Roosevelt Airport,F.D. 루즈벨트 공항,EUX,네덜란드령 카리브
Faa'a International Airport,파아 국제 공항,PPT,프랑스령 폴리네시아
Faaite Airport,파이테 공항,FAC,프랑스령 폴리네시아
Fabio Alberto Leon Bentley Airport,파비오 알베르토 레온 벤틀리 공항,MVP,콜롬비아
Fagali'i Airport,파갈리 공항,FGI,사모아
Fagernes Airport Leirin,레이린 공항,VDB,노르웨이
Fahud Airport,파후드 공항,FAU,오만
Fair Isle Airport,페어 아일 공항,FIE,영국
Fairbanks International Airport,페어뱅크스 국제 공항,FAI,미국
Fairchild Air Force Base,페어차일드 공군기지,SKA,미국
Faisalabad International Airport,파이살라바드 국제 공항,LYP,파키스탄
Fakahina Airport,파카히나 공항,FHZ,프랑스령 폴리네시아
Fakarava Airport,파카라바 공항,FAV,프랑스령 폴리네시아
Fakfak Torea Airport,팍팍 토레아 공항,FKQ,인도네시아
Falam Surbung Airport,팔람 수르붕 공항,SRU,미얀마
Falcone Borsellino Airport,팔코네 보르셀리노 공항,PMO,이탈리아
Faleolo International Airport,팔레올로 국제 공항,APW,사모아
Falgunand Sukilumba Airport,팔군드 수킬룸바 공항,n/a,네팔
Falls International Airport,폴스 국제 공항,INL,미국
False Pass Airport,폴스 패스 공항,KFP,미국
Fane Airport,페네 공항,FNE,파푸아뉴기니
Fangatau Airport,팡가타우 공항,FGU,프랑스령 폴리네시아
FAP Captain Carlos MartInez de Pinillos International Airport,카피탄 FAP 카를로스 마르티네즈 데 피닐로스 공항,TRU,페루
FAP Captain David Abensur Rengifo International Airport,카피탄 롤덴 공항,PCL,페루
FAP Captain Guillermo Concha Iberico International Airport,카피탄 FAP 길레르모 콘i 이베리코 공항,PIU,페루
FAP Captain Jose Abelardo Quinones Gonzalez International Airport,커널 루이즈 공항,CIX,페루
Farafangana Airport,파라팡가나 공항,RVA,마다가스카르
Farah Airport,파라 공항,FAH,아프가니스탄
Faranah Airport,파라나 공항,FAA,기니
Faresmaathodaa Airport,파레스마토다 공항,FMT,몰디브
Farnborough Airport,판버러 공항,FAB,영국
Faro Airport,파로 공항,FAO,포르투갈
Farrukhabad Airport,파루카바드 공항,n/a,인도
Fasa Airport,파사 공항,FAZ,이란
Fascene Airport,파신 공항,NOS,마다가스카르
Fatmawati Soekarno Airport,파트마와티 수카르노 공항,BKS,인도네시아
Faya Largeau Airport,파야 라조 공항,FYT,차드
Fayetteville Regional Airport,페이엇빌 리저널 공항,FAY,미국
Fayzabad Airport,파이자바드 공항,FBD,아프가니스탄
Federico Fellini International Airport,페데리코 펠리니 국제 공항,RMI,이탈리아
Federico GarcIa Lorca Airport,페데리코 가르시아 로르카 공항,GRX,스페인
Feira de Santana Airport,페이라 데 산타나 공항,FEC,브라질
Felix Houphouet Boigny Airport,펠릭스 우푸에 부아니 공항,ABJ,코트디부아르
Felts Field,펠츠 필드,SFF,미국
Fengning Airport,펑닝 공항,n/a,중국
Fera Airport,페라 공항,FRE,솔로몬 제도
Ferdinand Lumban Tobing Airport,페르디난드 룸반 토빙 공항,FLZ,인도네시아
Fergana International Airport,페르가나 국제 공항,FEG,우즈베키스탄
Fernando de Noronha Airport,페르난도 데 노로냐 공항,FEN,브라질
Fernando Luis Ribas Dominicci Airport,페르난도 루이스 리바스 도미니치 공항,SIG,푸에르토리코
Fes Saiss Airport,페스 사이스 공항,FEZ,모로코
Fianarantsoa Airport,피아나란초아 공항,WFI,마다가스카르
Figari Sud Corse Airport,피가리 수드 코르세 공항,FSC,프랑스
Fishermans Bay/LPS Seaplane Base,피셔맨스 베이/LPS 수상비행기 기지,LPS,미국
Fitiuta Airport,피티우타 공항,FTI,아메리칸 사모아
Fitzroy Crossing Airport,피츠로이 크로싱 공항,FIZ,오스트레일리아
Flagstaff Pulliam Airport,플래그스태프 풀리엄 공항,FLG,미국
Flamingo International Airport,플라밍고 국제 공항,BON,네덜란드령 카리브
Flin Flon Airport,플린 플론 공항,YFO,캐나다
Flinders Island Airport,플린더스 아일랜드 공항,FLS,오스트레일리아
Florence Airport Peretola,피렌체 공항 페레톨라,FLR,이탈리아
Florence Regional Airport,피렌체 공항,FLO,미국
Flores Airport,플로레스 공항,FLW,포르투갈
Florida Keys Marathon Airport,플로리다 키스 마라톤 공항,MTH,미국
Floro Airport,플로로 공항,FRO,노르웨이
Flughafen Lahr ,라르 공항,LHA,독일
Foggia Airport,포지아 공항,FOG,이탈리아
Fond du Lac Airport,퐁뒤락 공항,ZFD,캐나다
Fonte Boa Airport,폰테 보아 공항,FBA,브라질
Ford Airport,포드 공항,IMT,미국
Forde Airport Bringeland,브린절랜드 공항,FDE,노르웨이
Forli International Airport,포를리 국제공항,FRL,이탈리아
Formosa International Airport,포르모사 국제공항,FMA,아르헨티나
Fort Albany Airport,포트 알바니 공항,YFA,캐나다
Fort Chipewyan Airport,포트 치페위안 공항,YPY,캐나다
Fort Collins Loveland Municipal Airport,포트콜린스 러브랜드 공항,FNL,미국
Fort Dodge Regional Airport,포트닷지 공항,FOD,미국
Fort Frances Municipal Airport,포트 프란시스 공항,YAG,캐나다
Fort Good Hope Airport,포트 굿 호프 공항,YGH,캐나다
Fort Hope Airport,포트 호프 공항,YFH,캐나다
Fort Lauderdale Executive Airport,포트로더데일 이그제큐티브 공항,FXE,미국
Fort Lauderdale Hollywood International Airport,포트로더데일 할리우드 국제공항,FLL,미국
Fort McMurray International Airport,포트 맥머리 국제 공항,YMM,캐나다
Fort McPherson Airport,포트 맥퍼슨 공항,ZFM,캐나다
Fort Resolution Airport,포트 레졸루션 공항,YFR,캐나다
Fort Severn Airport,포트 세번 공항,YER,캐나다
Fort Simpson Airport,포트 심슨 공항,YFS,캐나다
Fort Smith Airport,포트 스미스 공항,YSM,캐나다
Fort Smith Regional Airport,포트 스미스 공항,FSM,미국
Fort St. John Airport,포트세인트존 공항,YXJ,캐나다
Fort Valley Federal International Airport,포트 밸리 연방 국제 공항,LMM,멕시코
Fort Wayne International Airport,포트 웨인 국제 공항,FWA,미국
Fort Worth Alliance Airport,포트워스 얼라이언스 공항,AFW,미국
Fort Worth Meacham International Airport,포트워스 미컴 국제공항,FTW,미국
Fort Yukon Airport,포트 유콘 공항,FYU,미국
Fortescue Dave Forrest Airport,포테스큐 데이브 포레스트 공항,KFE,오스트레일리아
Foshan Shadi Airport,포산 샤디 공항,FUO,중국
Foula Airfield,풀라 비행장,FOA,영국
Four Corners Regional Airport,포코너스 공항,FMN,미국
Foya Airport,포야 공항,FOY,라이베리아
Foz do Iguacu International Airport,포스두이구아수 국제공항,IGU,브라질
Franca Airport,프랑카 공항,FRC,브라질
Franceville/Mvengue Airport,프랑스빌 므벤그 공항,MVB,가봉
Francisco alvares de Assis Airport,프란시스코 알바레스 데 아시스 공항,JDF,브라질
Francisco B. Reyes Airport,프란시스코 B. 레예스 공항,USU,필리핀
Francisco Bangoy International Airport,프란시스코 방고이 국제공항,DVO,필리핀
Francisco Beltrao Airport,프란시스코 벨트랑 공항,FBE,브라질
Francisco Carle Airport,프란시스코 칼레 공항,JAU,페루
Francisco Correa da Cruz Airport,프란시스코 코레아 다 크루즈 공항,HUW,브라질
Francisco de Orellana Airport,프란시스코 데 오렐라나 공항,OCC,에콰도르
Francisco de Sa Carneiro Airport,프란시스코 데 사 카르네이루 공항,OPO,포르투갈
Francisco Sarabia International Airport,프란시스코 사라비아 국제공항,TRC,멕시코
Francistown Airport,프랜시스타운 공항,FRW,보츠와나
Franjo Tuđman Airport,플레소 공항,ZAG,크로아티아
Frank Miloye Milenkowichi MarIlia State Airport,프랭크 밀로예 밀렌코비치 마릴리아 공항,MII,브라질
Frank PaIs Airport,프랭크 파이스 공항,HOG,쿠바
Frankfurt Airport,프랑크푸르트 공항,FRA,독일
Frankfurt Hahn Airport,프랑크푸르트 한 공항,HHN,독일
Frans Kaisiepo Airport,프란스 카이시에포 공항,BIK,인도네시아
Frans Sales Lega Airport,프란스 살레 레가 공항,RTG,인도네시아
Frans Seda Airport,프란스 세다 공항,MOF,인도네시아
Fredericton International Airport,프레더릭턴 국제 공항,YFC,캐나다
Fresno Yosemite International Airport,프레즈노 요세미티 국제 공항,FAT,미국
Friday Harbor Airport,프라이데이 하버 공항,FRD,미국
Friday Harbor Seaplane Base,프라이데이 하버 수상비행기 기지,FBS,미국
Friedman Memorial Airport,프리드먼 메모리얼 공항,SUN,미국
Friedrichshafen Airport,프리드리히스하펜 공항,FDH,독일
Fuaamotu International Airport,푸아모투 국제공항,TBU,통가
Fuerte Olimpo Airport,푸에르테 올림포 공항,OLK,파라과이
Fuerteventura Airport,푸에르테벤투라 공항,FUE,스페인
Fujairah International Airport,푸자이라 국제 공항,FJR,아랍에미레이트
Fukue Airport,후쿠에 공항,FUJ,일본
Fukuoka Airport,후쿠오카 공항,FUK,일본
Fukushima Airport,후쿠시마 공항,FKS,일본
Fulton County Airport,풀턴 카운티 공항,FTY,미국
Funadhoo Airport,푸나드후 공항,FND,몰디브
Funafuti International Airport,푸나푸티 국제공항,FUN,투발루
Futuna Airport,푸투나 공항,FTA,바누아투
Fuvahmulah Airport,푸바물라 공항,FVM,몰디브
Fuyang Xiguan Airport,푸양 시관 공항,FUG,중국
Fuyuan Dongji Airport,푸위안 둥지 공항,FYJ,중국
Fuyun Koktokay Airport,푸윈 콕토케이 공항,FYN,중국
Fuzhou Changle International Airport,푸저우 창러 국제공항,FOC,중국
Fuzuli International Airport,푸쭈리 국제공항,FZL,아제르바이잔
Gabes Matmata International Airport,가베스 마트마타 국제공항,GAE,튀니지
Gabriel Vargas Santos Airport,가브리엘 바르가스 산토스 공항,TME,콜롬비아
Gachsaran Airport,가흐사란 공항,GCH,이란
Gafsa Ksar International Airport,가프사 크사르 국제공항,GAF,튀니지
Gaggal Airport,개갈 공항,DHM,인도
Gainesville Regional Airport,게인즈빌 공항,GNV,미국
GAllivare Airport,옐리바레 공항,GEV,스웨덴
Galway Airport,골웨이 공항,GWY,아일랜드
Gamar Malamo Airport,가마르 말라모 공항,GLX,인도네시아
Gamba Airport,감바 공항,GAX,가봉
Gambela Airport,감벨라 공항,GMB,이디오피아
Gambell Airport,갬벨 공항,GAM,미국
Gan International Airport,간 국제 공항,GAN,몰디브
Gander International Airport,갠더 국제공항,YQX,캐나다
Ganges Water Aerodrome,갠지스 수상 비행장,YGG,캐나다
Ganja International Airport,간자 국제 공항,GNJ,아제르바이잔
Gannan Xiahe Airport,간난 샤허 공항,GXH,중국
Ganzhou Huangjin Airport,간저우 황진 공항,KOW,중국
Ganzhou Ruijin Airport,간저우 루이진 공항,JRJ,중국
Gao International Airport,가오 국제공항,GAQ,말리
Garachine Airport,가라치네 공항,GHE,파나마
Gardabya Airport,가르다비아 공항,SRX,리비아
Garden City Regional Airport,가든 시티 공항,GCK,미국
Garden Point Airport,가든 포인트 공항,GPN,오스트레일리아
Garissa Airport,가리사 공항,GAS,케냐
Garoua International Airport,가루아 국제 공항,GOU,카메룬
Garowe International Airport,가로웨 국제공항,GGR,소말리아
Gary/Chicago International Airport,게리/시카고 국제공항,GYY,미국
Garze Gesar Airport,가르제 게사르 공항,GZG,중국
Gatineau Ottawa Executive Airport,가티노 오타와 이그제큐티브 공항,YND,캐나다
Gatokae Aerodrome,가토카에 비행장,GTA,솔로몬 제도
Gatwick Airport,개트윅 공항,LGW,영국
Gaua Airport,가우아 공항,ZGU,바누아투
Gautam Buddha Airport,고탐 부다 공항,BWA,네팔
Gaya Airport,가야 공항,GAY,인도
Gaziantep Oguzeli International Airport,가지안테프 오우젤리 국제공항,GZT,터키
GazipaSa Alanya Airport,가지파샤 알란야 공항,GZP,터키
Gdansk Lech WaLesa Airport,그단스크 레흐 바웬사 공항,GDN,폴란드
Gdynia Kosakowo Airport,그디니아 코사코보 공항,n/a,폴란드
Geita Airport,게이타 공항,GIT,탄자니아
Gelendzhik Airport,겔렌지크 공항,GDZ,러시아
Gelephu Airport,겔레푸 공항,GLU,부탄
Gemena Airport,게메나 공항,GMA,콩고 민주공화국
Geneina Airport,제네나 공항,EGN,수단
General Bernardo O'Higgins Airport,제너럴 베르나르도 오이긴스 공항,YAI,칠레
General Enrique Mosconi International Airport,제너럴 엔리케 모스코니 국제공항,CRD,아르헨티나
General Francisco J. Mujica International Airport,제너럴 프란시스코 J. 무히카 국제공항,MLM,멕시코
General Francisco Javier Mina International Airport,제너럴 프란시스코 하비에르 미나 국제공항,TAM,멕시코
General Guadalupe Victoria International Airport,제너럴 과달루페 빅토리아 국제공항,DGO,멕시코
General Heriberto Jara International Airport,헤네랄 헤리베르토 자라 국제공항,VER,멕시코
General Ignacio Pesqueira GarcIa International Airport,제너럴 이그나시오 페스케이라 가르시아 국제공항,HMO,멕시코
General Jose Antonio Anzoategui International Airport,제너럴 호세 안토니오 안조아테구이 국제공항,BLA,베네수엘라
General Jose MarIa Yanez International Airport,제너럴 호세 마리아 야녜스 국제공항,GYM,멕시코
General Justo Jose de Urquiza Airport,제너럴 후스토 호세 데 우르키사 공항,PRA,아르헨티나
General Leite de Castro Airport,제너럴 레이테 데 카스트로 공항,RVD,브라질
General Leobardo C. Ruiz International Airport,제너럴 레오바르도 C. 루이즈 국제공항,ZCL,멕시코
General Lucio Blanco International Airport,제너럴 루시오 블랑코 국제공항,REX,멕시코
General Mariano Escobedo International Airport,제너럴 마리아노 에스코베도 국제 공항,MTY,멕시코
General Mariano Matamoros Airport,제너럴 마리아노 마타모로스 공항,CVJ,멕시코
General Pedro J. Mendez International Airport,제너럴 페드로 J. 멘데스 국제공항,CVM,멕시코
General Pico Airport,제너럴 피코 공항,GPO,아르헨티나
General Rafael Buelna International Airport,제너럴 라파엘 부엘나 국제공항,MZT,멕시코
General Roberto Fierro Villalobos International Airport,제너럴 로베르토 피에로 빌라로보스 국제공항,CUU,멕시코
General Rodolfo Sanchez Taboada International Airport,제너럴 로돌포 산체스 타보아다 국제공항,MXL,멕시코
General Santos International Airport,제너럴 산토스 국제공항,GES,필리핀
General Servando Canales International Airport,제너럴 세르반도 카날레스 국제공항,MAM,멕시코
General Soedirman Airport,제너럴 수디르만 공항,PWL,인도네시아
General Ulpiano Paez Airport,제너럴 울피아노 파에즈 공항,SNC,에콰도르
General Wayne A. Downing Peoria International Airport,제너럴 웨인 A. 다우닝 피오리아 국제공항,PIA,미국
Geneva Airport,제네바 공항,GVA,스위스
Genoa Cristoforo Colombo Airport,제노아 크리스토포로 콜롬보 공항,GOA,이탈리아
George Airport,조지 공항,GRJ,남아프리카
George Best Belfast City Airport,조지 베스트 벨파스트 시티 공항,BHD,영국
George Bush Intercontinental Airport,조지 부시 인터컨티넨털 공항,IAH,미국
George F. L. Charles Airport,조지 F. L. 찰스 공항,SLU,세인트루시아
Gerald R. Ford International Airport,제럴드 R. 포드 국제 공항,GRR,미국
Geraldton Airport,제럴턴,YGQ,캐나다
Geraldton Airport,제럴턴 공항,GET,오스트레일리아
Gerardo Tobar Lopez Airport,헤라르도 토바르 로페스 공항,BUN,콜롬비아
German Olano Airport,게르만 올라노 공항,PCR,콜롬비아
Gewayantana Airport,게와얀타나 공항,LKA,인도네시아
Ghadames Airport,가다메스 공항,LTD,리비아
Ghat Airport,가트 공항,GHT,리비아
Ghazni Airport,가즈니 공항,GZI,아프가니스탄
Ghriss Airport,그리스 공항,MUW,알제리
Gibraltar International Airport,지브롤터 국제공항,GIB,지브롤터
Gilgit Airport,길기트 공항,GIL,파키스탄
Gillam Airport,길람공항,YGX,캐나다
Gillette Campbell County Airport,질레트 캠벨 카운티 공항,GCC,미국
Gimhae International Airport,김해국제공항,PUS,대한민국
Gimpo International Airport,김포국제공항,GMP,대한민국
Ginbata Airport,긴바타 공항,GBW,오스트레일리아
Girona Costa Brava Airport,지로나 코스타 브라바 공항,GRO,스페인
Girua Airport,지루아 공항,PNP,파푸아뉴기니
Gisborne Airport,기즈번 공항,GIS,뉴질랜드
Gisenyi Airport,기세니 공항,GYI,르완다
Gjgur Airport,요구르 공항,GJR,아이슬란드
Gjoa Haven Airport,조아 헤이븐 공항,YHK,캐나다
Glacier Park International Airport,글레이셔 파크 국제공항,FCA,미국
Gladstone Airport,글래드스톤 공항,GLT,오스트레일리아
Glasgow Airport,글래스고 공항,GGW,미국
Glasgow Airport,글래스고 공항,GLA,영국
Glasgow Prestwick Airport,글래스고 프레스트윅 공항,PIK,영국
Glauber Rocha Airport,글라우버 로샤 공항,VDC,브라질
Gloucestershire Airport,글로스터셔 공항,GLO,영국
Gobernador Edgardo Castello Airport,고베르나도르 에드가르도 카스텔로 공항,VDM,아르헨티나
Gobernador Horacio Guzman International Airport,고베르나도르 호라시오 구스만 국제공항,JUJ,아르헨티나
Gode Airport,고데 공항,GDE,이디오피아
Godofredo P. Ramos Airport,고도프레도 P. 라모스 공항,MPH,필리핀
Gods Lake Narrows Airport,갓즈 레이크 내로우스 공항,YGO,캐나다
Gods River Airport,갓 리버 공항,ZGI,캐나다
Gogebic Iron County Airport,고게빅 아이언 카운티 공항,IWD,미국
Gold Coast Airport,골드코스트 공항,OOL,오스트레일리아
Golden Triangle Regional Airport,골든 트라이앵글 공항,GTR,미국
Golfito Airport,골피토 공항,GLF,코스타리카
Golfo de Morrosquillo Airport,골포 데 모로스키요 공항,TLU,콜롬비아
Golmud Airport,골무드 공항,GOQ,중국
Golog Maqin Airport,골로그 마친 공항,GMQ,중국
Goloson International Airport,골로손 국제공항,LCE,온두라스
Golovin Airport,골로빈 공항,GLV,미국
Goma International Airport,고마 국제 공항,GOM,콩고 민주공화국
Gombe Lawanti International Airport,곰베 라완티 국제공항,GMO,나이지리아
Gomel Airport,고멜 공항,GME,벨라루시
Gondar Airport,곤다르 공항,GDQ,이디오피아
Gondia Airport,곤디아 공항,GDB,인도
Goodnews Airport,굿뉴스 공항,GNU,미국
Gorakhpur Airport,고락푸르 공항,GOP,인도
Gordon Municipal Airport,고든 공항,GRN,미국
Gorgan Airport,고간 공항,GBT,이란
Gorge Harbour Water Aerodrome,협곡 하버 수상 비행장,YGE,캐나다
Gorna Oryahovitsa Airport,고르나 오리야호비차 공항,GOZ,불가리아
Gorno Altaysk Airport,고르노 알타이스크 공항,RGK,러시아
Goroka Airport,고로카 공항,GKA,파푸아뉴기니
Gostomel Antonov Airport,고스토멜 안토노프 공항,GML,우크라이나
Gov. Dix Sept Rosado Airport,주지사 딕스 셉트 로사도 공항,MVF,브라질
Gov. Francisco Gabrielli International Airport,엘 풀루메릴로 공항,MDZ,아르헨티나
Gove Airport,고브 공항,GOV,오스트레일리아
Governador Jorge Teixeira de Oliveira International Airport,고베르나도르 호르헤 테세이라 데 올리베이라 국제공항,PVH,브라질
Governor's Harbour Airport,거버너스하버 공항,GHB,바하마
Goya Airport,고야공항,OYA,아르헨티나
Grabtsevo Airport,그라브체보 공항,KLF,러시아
Gracias Airport,그라시아스 공항,GAC,온두라스
Graciosa Airport,그라시오사 공항,GRW,포르투갈
Graeme Rowley Aerodrome,그레엄 로울리 비행장,CKW,오스트레일리아
Gran Canaria Airport,그란 카나리아 공항,LPA,스페인
Grand Bahama International Airport,그랜드 바하마 국제 공항,FPO,바하마
Grand Canyon Bar 10 Airport,그랜드 캐니언 바 10 공항,GCT,미국
Grand Canyon National Park Airport,그랜드캐니언 국립공원 공항,GCN,미국
Grand Canyon West Airport,그랜드캐니언 웨스트 공항,GCW,미국
Grand Central Airport,그랜드 센트럴 공항,GCJ,남아프리카
Grand Forks International Airport,그랜드 폭스 국제 공항,GFK,미국
Grand Junction Regional Airport,워커 필드 공항,GJT,미국
Grande Prairie Airport,그랜드 프레리 공항,YQU,캐나다
Grant County Airport,그랜트 카운티 공항,SVC,미국
Grant County International Airport,그랜트 카운티 국제 공항,MWH,미국
Grantley Adams International Airport,그랜틀리 아담스 국제공항,BGI,바베이도스
Grants Pass Airport,그랜트 패스 공항,GTP,미국
Gray Army Airfield,회색 육군 비행장,GRF,미국
Grayling Airport,그레이링 공항,KGX,미국
Graz Airport,그라츠 공항,GRZ,오스트리아
Great Bend Municipal Airport,그레이트 벤드 공항,GBD,미국
Great Falls International Airport,그레이트 폴스 국제 공항,GTF,미국
Great Harbour Cay Airport,그레이트 하버 케이 공항,GHC,바하마
Greater Binghamton Airport,그레이터 빙엄턴 공항,BGM,미국
Greater Moncton International Airport,그레이터 멍크턴 국제공항,YQM,캐나다
Greater Natal International Airport,그레이터 나탈 국제공항,NAT,브라질
Greater Rochester International Airport,그레이터 로체스터 국제 공항,ROC,미국
Greenbrier Valley Airport,그린브리어 밸리 공항,LWB,미국
Greensburg Municipal Airport,그린스버그 시립 공항,n/a,미국
Greenville Spartanburg International Airport,그린빌 스파르탄버그 국제공항,GSP,미국
Greenway Sound Water Aerodrome,그린웨이 사운드 워터 비행장,YGN,캐나다
Greenwood County Airport,그린우드 카운티 공항,GRD,미국
Greenwood Leflore Airport,그린우드 르플로르 공항,GWO,미국
Gregorio Luperon International Airport,그레고리오 루페론 국제 공항,POP,도미니카공화국
Gregory Lake Seaplane Base,그레고리 호수 수상비행기 기지,NUA,스리랑카
Grenoble Isere Airport,그르노블 이세르 공항,GNB,프랑스
Griffiss International Airport,그리피스 국제 공항,RME,미국
Griffith Airport,그리피스 공항,GFF,오스트레일리아
GrImsey Airport,그림지 공항,GRY,아이슬란드
Grise Fiord Airport,그리즈 피오르드 공항,YGZ,캐나다
Grodno Airport,그로드노 공항,GNA,벨라루시
Groningen AirportEelde,흐로닝언 공항Eelde,GRQ,네덜란드
Groote Eylandt Airport,알리앵굴라 공항,GTE,오스트레일리아
Grosseto Airport,그로세토 공항,GRS,이탈리아
Grozny Airport,그로즈니 공항,GRV,러시아
Gruyere Airport,그뤼에르 공항,GYZ,오스트레일리아
Gteborg Landvetter Airport,예테보리 란드베테르 공항,GOT,스웨덴
Guadalajara International Airport,과달라하라 국제공항,GDL,멕시코
Guanaja Airport,과나하 공항,GJA,온두라스
Guanambi Airport,구아남비 공항,GNM,브라질
Guangyuan Panlong Airport,광위안 판룽 공항,GYS,중국
Guangzhou Baiyun International Airport,광저우 바이윈 국제공항,CAN,중국
Guantanamo Los Canos Airport,관타나모 로스 카노스 공항,SJD,멕시코
Guapi Airport,구아피 공항,GPI,콜롬비아
GuaranI International Airport,과라니 국제 공항,AGT,파라과이
Guarapari Airport,과라파리 공항,GUZ,브라질
Guarapuava  Airport,과라푸아바 공항,GPB,브라질
Guardiamarina Zanartu Airport,과르디아마리나자나르투 공항,WPU,칠레
Guarulhos Governador Andre Franco Montoro International Airport,과룰류스 고베르나도르 안드레 프랑코 몬투로 국제공항,GRU,브라질
Guasdualito Airport,과스두알리토 공항,GDO,베네수엘라
GuayaramerIn Airport,과야라메린 공항,GYA,볼리비아
Guelmim Airport,겔밈 공항,GLN,모로코
Guemar Airport,게마르 공항,ELU,알제리
Guernsey Airport,건지 공항,GCI,건지
Guerrero Negro Airport,게레로 네그로 공항,GUB,멕시코
Guilin Liangjiang International Airport,구이린 량장 국제 공항,KWL,중국
Guillermo Leon Valencia Airport,기예르모 레온 발렌시아 공항,PPN,콜롬비아
Guiyang Longdongbao International Airport,구이양 룽둥바오 국제공항,KWE,중국
Gulfport Biloxi International Airport,걸프포트 빌럭시 국제공항,GPT,미국
Gulu Airport,구루 공항,ULU,우간다
Gunnison Crested Butte Regional Airport,거니슨 크레스티드 뷰트 공항,GUC,미국
Gunsan Airport,군산 공항,KUV,대한민국
Gunung Bintang Airport,구눙 빈탕 공항,OKL,인도네시아
Gurayat Domestic Airport,구라얏 국내선 공항,URY,사우디아라비아
Guriel Airport,구리엘 공항,GUO,소말리아
Gurney Airport,거니 공항,GUR,파푸아뉴기니
Gusau Airstrip,구사우 비행장,n/a,나이지리아
Gustaf III Airport,구스타프 3세 공항,SBH,생바르텔레미섬(프란스령)
Gustavo Artunduaga Paredes Airport,구스타보 아르툰두아가 파레데스 공항,FLA,콜롬비아
Gustavo Rizo Airport,구스타보 리조 공항,BCA,쿠바
Gustavo Rojas Pinilla International Airport,구스타보 로하스 피닐라 국제공항,ADZ,콜롬비아
Gustavus Airport,구스타프 공항,GST,미국
Gusti Syamsir Alam Airport,구스티 샴시르 알람 공항,KBU,인도네시아
Guyuan Liupanshan Airport,구위안 류판산 공항,GYU,중국
Gwadar International Airport,과다르 국제 공항,GWD,파키스탄
Gwangju Airport,광주공항,KWJ,대한민국
Gwinnett County Airport,귀넷 카운티 공항,LZU,미국
Gyor-Per Airport,죄르페르 공항,n/a,헝가리
H. Aroeppala Airport,H. 아로에팔라 공항,KSR,인도네시아
H. Asan Airport,에이치아산공항,SMQ,인도네시아
H. Hasan Aroeboesman Airport,H. 하산 아로보에스만 공항,ENE,인도네시아
H.A.S. Hanandjoeddin Airport,불루툼방 공항,TJQ,인도네시아
Hachijojima Airport,하치조지마 공항,HAC,일본
Hagerstown Regional Airport,헤이거즈타운 지역공항,HGR,미국
Hagfors Airport,하그포르스 공항,HFS,스웨덴
Haifa Airport,하이파 공항,HFA,이스라엘
Haikou Meilan International Airport,하이커우 메이란 국제공항,HAK,중국
Ha'il Regional Airport,하일 공항,HAS,사우디아라비아
Haines Airport,하인즈 공항,HNS,미국
Hakkari Yksekova Airport,학카리 윅세코바 공항,YKO,터키
Hakodate Airport,하코다테 공항,HKD,일본
HAL Bangalore International Airport,HAL 방갈로르 국제공항,n/a,인도
Halifax StanFieldInternational Airport,핼리팩스 스탠 필드 국제 공항,YHZ,캐나다
Halim Perdanakusuma International Airport,할림 페르다나쿠수마 국제공항,HLP,인도네시아
Hall Beach Airport,홀 비치 공항,YUX,캐나다
Halls Creek Airport,홀스 크릭 공항,HCQ,오스트레일리아
Halmstad Airport,할름스타드 공항,HAD,스웨덴
Haluoleo Airport,할루올레오 공항,KDI,인도네시아
Hamad International Airport,하마드 국제 공항,DOH,카타르
Hamadan Airport,하마단 공항,HDM,이란
Hamburg Airport,함부르크 공항,HAM,독일
Hamburg Finkenwerder Airport,함부르크 핀켄베르더 공항,XFW,독일
Hami Airport,하미 공항,HMI,중국
Hamilton Airport,해밀턴 공항,HLT,오스트레일리아
Hamilton Airport,해밀턴 공항,HLZ,뉴질랜드
Hamilton Island Airport,해밀턴 아일랜드 공항,HTI,오스트레일리아
Hammerfest Airport,함메르페스트 공항,HFT,노르웨이
Hana Airport,하나공항,HNM,미국
Hanamaki Airport,하나마키 공항,HNA,일본
Hancock County Bar Harbor Airport,핸콕 카운티 바 하버 공항,BHB,미국
Handan Airport,한단공항,HDG,중국
Haneda Airport,하네다 공항,HND,일본
Hang Nadim Airport,항 나딤 공항,BTH,인도네시아
Hangzhou Xiaoshan International Airport,항저우 샤오산 국제공항,HGH,중국
Hanimaadhoo International Airport,하니마두 국제공항,HAQ,몰디브
Hannover Airport,하노버 공항,HAJ,독일
Hanoi Gia Lam Airport,하노이 지아람 공항,n/a,베트남
Hans Christian Andersen Airport,한스 크리스티안 안데르센 공항,ODE,덴마크
Hanzhong Chenggu Airport,한중 청구 공항,HZG,중국
Hao Airport,하오 공항,HOI,프랑스령 폴리네시아
Harare International Airport,하라레 국제 공항,HRE,짐바브웨
Harbin Taiping International Airport,하얼빈 타이핑 국제공항,HRB,중국
Hargeisa International Airport,하르게이사 국제공항,HGA,소말리아
Harrisburg International Airport,해리스버그 국제 공항,MDT,미국
Harry Mwanga Nkumbula International Airport,해리 므왕가 은쿰불라 국제공항,LVI,잠비아
Harry Reid International Airport,해리 리드 국제 공항,LAS,미국
Harstad Narvik Evenes Airport,하르스타드 나르비크 에베네스 공항,EVE,노르웨이
Hartford Brainard Airport,하트퍼드 브레이너드 공항,HFD,미국
HartsFieldJackson Atlanta International Airport,하츠필드 잭슨 애틀랜타 국제공항,ATL,미국
Hassan I Airport,하산 I 공항,EUN,서사하라
Hassi R'Mel Airport,하시르멜 공항,HRM,알제리
Hasvik Airport,하스비크 공항,HAA,노르웨이
Hat Yai International Airport,핫야이 국제공항,HDY,태국
Hatay Airport,하타이 공항,HTY,터키
Hattiesburg Laurel Regional Airport,해티즈버그 로렐 공항,PIB,미국
Haugesund Airport Karmoy,카모이 공항,HAU,노르웨이
Havasupai Airport,하바수파이 공항,HAE,미국
Havre City County Airport,하브르 시티 카운티 공항,HVR,미국
Havre Saint Pierre Airport,아브르 생 피에르 공항,YGV,캐나다
Havryshivka Vinnytsia International Airport,하브리시브카 빈니차 국제공항,VIN,우크라이나
Hawarden Airport,후워든 공항,CEG,영국
Hawke's Bay Airport,혹스베이 공항,NPE,뉴질랜드
Hawkins Field,호킨스 필드,HKS,미국
Hawthorne Municipal Airport,호손 시립공항,HHR,미국
Hay River Carter Airport,헤이 리버/멀린 카터 공항,YHY,캐나다
Hays Regional Airport,헤이스 공항,HYS,미국
Hayward Executive Airport,헤이워드 이그제큐티브 공항,HWD,미국
Hazret Sultan International Airport,하즈렛 술탄 국제 공항,HSA,카자흐스탄
Healy Lake Airport,힐리 레이크 공항,HKB,미국
Heathrow Airport,히드로 공항,LHR,영국
Hechi Jinchengjiang Airport,허치 진청장 공항,HCJ,중국
Hector International Airport,헥터 국제 공항,FAR,미국
Hector Silva Airstrip,헥터 실바 활주로,BCV,벨리즈
Hefei Xinqiao International Airport,허페이 신차오 국제공항,HFE,중국
Heho Airport,헤호 공항,HEH,미얀마
Heihe Airport,헤이허 공항,HEK,중국
Hejing Bayinbuluke Airport,허징 바인불루케 공항,HJB,중국
Helena Regional Airport,헬레나 공항,HLN,미국
Heligoland Airfield,헬리고랜드 비행장,HGL,독일
Helsinki Airport,헬싱키 공항,HEL,핀란드
Helsinki Malmi Airport,헬싱키 말미 공항,HEM,핀란드
Hemavan TArnaby Airport,히마밴 공항,HMV,스웨덴
Henderson Field,헨더슨 필드,MDY,미국령군소제도
Hendorabi Island Airport,헨도라비 섬 공항,n/a,이란
Hendrik Van Eck Airport,헨드릭 반 에크 공항,PHW,남아프리카
Hengchun Airport,헝춘 공항,HCN,대만
Hengyang Nanyue Airport,헝양 난웨 공항,HNY,중국
Henri Coanda International Airport,앙리 코안더 국제공항,OTP,루마니아
Henry E. Rohlsen Airport,헨리 E. 롤슨 공항,STX,버진 아일랜드
Heraklion International Airport,이라클리온 국제공항,HER,그리스
Herat International Airport,헤라트 국제 공항,HEA,아프가니스탄
HercIlio Luz International Airport,에르실리오 루스 국제 공항,FLN,브라질
Heringsdorf Airport,헤링스도르프 공항,HDF,독일
Heritage Field,헤리티지 필드,PTW,미국
Hermanos Ameijeiras Airport,에르마노스 아메이헤이라스 공항,VTU,쿠바
Hermanos Serdan International Airport,에르마노스 세르단 국제공항,PBC,멕시코
Hermes Quijada International Airport,헤르메스 키하다 국제 공항,RGA,아르헨티나
Hervey Bay Airport,허비 베이 공항,HVB,오스트레일리아
HevIz Balaton Airport,헤비즈 발라톤 공항,SOB,헝가리
Hewanorra International Airport,헤와노라 국제공항,UVF,세인트루시아
Heydar Aliyev International Airport,헤이다르 알리예프 국제 공항,GYD,아제르바이잔
Heze Mudan Airport,허쩌 무단 공항,HZA,중국
Hga Kusten Airport,회가 쿠스텐 공항,KRF,스웨덴
High Level Airport,하이 레벨 공항,YOJ,캐나다
Higuerote Airport,게이게로테 공항,HGE,베네수엘라
Hihifo Airport,히히포 공항,WLS,월리스푸투나
Hikueru Airport,히쿠에루 공항,HHZ,프랑스령 폴리네시아
Hilo International Airport,힐로 국제 공항,ITO,미국
Hilton Head Airport,힐튼 헤드 공항,HHH,미국
Hilversum Railway Service,힐버섬 철도 공항,QYI,네덜란드
Hindon Airport,힌돈 공항,HDO,인도
Hingurakgoda Airport,힌구락고다 공항,HIM,스리랑카
Hiroshima Airport,히로시마 공항,HIJ,일본
Hisar Airport,히사르 공항,HSS,인도
Ho Airport,호 공항,n/a,가나
Hoarafushi Airport,호아라푸시 공항,HRF,몰디브
Hobart International Airport,호바트 국제 공항,HBA,오스트레일리아
Hodeida International Airport,호데이다 국제 공항,HOD,예멘
Hof Plauen Airport,호프 플라우엔 공항,HOQ,독일
Hohhot Baita International Airport,후허하오터 바이타 국제공항,HET,중국
Hokitika Airport,호키티카 공항,HKK,뉴질랜드
Holingol Huolinhe Airport,홀링골 훠린허 공항,HUO,중국
Hollis Clark Bay Seaplane Base,홀리스 클라크 베이 수상비행기 기지,HYL,미국
Holt Airport,홀트 공항,FLI,아이슬란드
Holy Cross Airport,홀리 크로스 공항,HCR,미국
Homa Bay Airport,호마 베이 공항,n/a,케냐
Homalin Airport,호말린 공항,HOX,미얀마
Homer Airport,호머 공항,HOM,미국
Hong Kong International Airport,홍콩 국제공항,HKG,홍콩
Hongyuan Airport,훙위안 공항,AHJ,중국
Honiara International Airport,호니아라 국제 공항,HIR,솔로몬 제도
Honningsvag Airport Valan,발란 공항,HVG,노르웨이
Honolulu International Airport,호놀룰루 국제 공항,HNL,미국
Hood Aerodrome,후드 비행장,MRO,뉴질랜드
Hoonah Airport,후나 공항,HNH,미국
Hooper Bay Airport,후퍼 베이 공항,HPB,미국
Hopedale Airport,호프데일 공항,YHO,캐나다
Horn Island Airport,혼 아일랜드 공항,HID,오스트레일리아
Hornafjordur Airport,호르나피외르뒤르 공항,HFN,아이슬란드
Horta Airport,호르타 공항,HOR,포르투갈
Hosea Kutako International Airport,호세아 쿠타코 국제 공항,WDH,나미비아
Hoskins Airport,호스킨스 공항,HKN,파푸아뉴기니
Hot Springs County Airport,핫 스프링스 카운티 공항,n/a,미국
Hotan Airport,호탄 공항,HTN,중국
Houari Boumediene Airport,후아리 부메디엔 공항,ALG,알제리
Houghton County Memorial Airport,휴튼 카운티 메모리얼 공항,CMX,미국
Hua Hin Airport,후아힌 공항,HHQ,태국
Huahine Fare Airport,후아히네 요금 공항,HUH,프랑스령 폴리네시아
Huai'an Lianshui Airport,화이안 롄수이 공항,HIA,중국
Huaihua Zhijiang Airport,화이아 지장 공항,HJJ,중국
Hualien Airport,화롄 공항,HUN,대만
Huangshan Tunxi International Airport,황산 툰시 국제공항,TXN,중국
Huatugou Airport,화투구 공항,HTT,중국
Hubli Airport,후블리 공항,HBX,인도
Huesca Pirineos Airport,우에스카 피리네오스 공항,HSK,스페인
Hughenden Airport,휴엔덴 공항,HGD,오스트레일리아
Hughes Airport,휴즈 공항,HUS,미국
Hugo Chavez International Airport,우고 차베스 국제 공항,CAP,아이티
Huizhou Pingtan Airport,후이저우 핑탄 공항,HUZ,중국
Hulunbuir Hailar Airport,후룬베이얼 하이라얼 공항,HLD,중국
Humberside Airport,험버사이드 공항,HUY,영국
Humera Airport,휴메라 공항,HUE,이디오피아
Hun Airport,훈 공항,HUQ,리비아
Hunter Army Airfield,헌터 육군 비행장,SVN,미국
Huntsville International Airport,헌츠빌 국제공항,HSV,미국
Hurghada El Gouna Airport,후르가다 엘 구나 공항,n/a,이집트
Hurghada International Airport,후르가다 국제 공항,HRG,이집트
Huron Regional Airport,휴런 공항,HON,미국
HUsavIk Airport,후사비크 공항,HZK,아이슬란드
Husein Sastranegara International Airport,후세인 사스트라네가라 국제공항,BDO,인도네시아
Huslia Airport,후슬리아 공항,HSL,미국
Hydaburg Seaplane Base,하이다버그 수상비행기 기지,HYG,미국
Hyder Seaplane Base ,하이더 수상 비행기 기지,WHD,미국
Hyderabad Airport,하이데라바드 공항,HDD,파키스탄
Ian Fleming International Airport,이안 플레밍 국제 공항,OCJ,자메이카
Iasi International Airport,이아시 국제공항,IAS,루마니아
Ibadan Airport,이바단 공항,IBA,나이지리아
Ibaraki Airport,이바라키공항,IBR,일본
Ibiza Airport,이비자 공항,IBZ,스페인
Ibrahim Nasir International Airport,이브라힘 나시르 국제공항,MLE,몰디브
Iconi Airport,이코니 공항,YVA,코모로
Idaho Falls Regional Airport,아이다호폴스 공항,IDA,미국
Ifuru Airport,이푸루 공항,IFU,몰디브
Igarka Airport,이가르카 공항,IAA,러시아
Igdir Airport,이체르 공항,IGD,터키
Igiugig Airport,이기우그 공항,IGG,미국
Igloolik Airport,이글루릭 공항,YGT,캐나다
Ignacio Agramonte International Airport,이그나시오 아그라몬테 국제공항,CMW,쿠바
Ignacio Lopez Rayon International Airport,이그나시오 로페스 라욘 국제공항,UPN,멕시코
Ignatyevo Airport,이그나티예보 공항,BQS,러시아
Igrim Airport,이그림공항,IRM,러시아
Ikaria Island National Airport,이카리아 아일랜드 내셔널 공항,JIK,그리스
Iki Airport,이키 공항,IKI,일본
Il Caravaggio International Airport,일 카라바조 국제공항,BGY,이탈리아
Ilam Airport,일람 공항,IIL,이란
Ile Art Waala Airport,일 아트 와알라 공항,BMY,뉴칼레도니아
Ile des Pins Airport,일데팽 공항,ILP,뉴칼레도니아
Ilesdela Madeleine Airport,일드라마들렌 공항,YGR,캐나다
Ilheus Jorge Amado Airport,일레우스 호르헤 아마도 공항,IOS,브라질
Iliamna Airport,일리암나 공항,ILI,미국
Ilimanaq Harbour Airport,일리마낙 하버 공항,XIQ,그린란드
Illorsuit Heliport,일러슈트 헬리포트,IOT,그린란드
Ilo Airport,일로 공항,ILQ,페루
Iloilo International Airport,일로일로 국제 공항,ILO,필리핀
Ilorin International Airport,일로린 국제 공항,ILR,나이지리아
Ilulissat Airport,일루리사트 공항,JAV,그린란드
Imperatriz Airport,임페라트리즈 공항,IMP,브라질
Imperial County Airport,임페리얼 카운티 공항,IPL,미국
Imphal International Airport,임팔 국제공항,IMF,인도
In Amenas Airport,아메나스 공항,IAM,알제리
In Guezzam Airport,에 Guezzam 공항,INF,알제리
In Salah Airport,살라 공항 위치,INZ,알제리
Inacio LuIs do Nascimento Airport,이나시오 루이스 두 나시멘토 공항,JUA,브라질
Inagua Airport,이나과 공항,IGA,바하마
Inca Manco Capac International Airport,잉카 망코 카팍 국제 공항,JUL,페루
Incheon International Airport,인천국제공항,ICN,대한민국
Independence Airport,인디펜던스 공항,INB,벨리즈
Indian Mountain LRRS Airport,인디언 마운틴 LRRS 공항,UTO,미국
Indianapolis International Airport,인디애나폴리스 국제 공항,IND,미국
Indira Gandhi International Airport,인디라 간디 국제 공항,DEL,인도
Ing. Alberto Acuna Ongay International Airport,알베르토 아쿠냐 옹가이 국제공항,CPE,멕시코
Ingolstadt Manching Airport,잉골슈타트 만칭 공항,IGS,독일
Inhambane Airport,이냠바네 공항,INH,모잠비크
Inisheer Aerodrome,이니쉬어 비행장,INQ,아일랜드
Inishmaan Aerodrome,이니쉬만 비행장,IIA,아일랜드
Inishmore Aerodrome,이니시모어 비행장,IOR,아일랜드
Innsbruck Airport,인스부르크 공항,INN,오스트리아
Inongo Airport,이농고 공항,INO,콩고 민주공화국
Inta Airport,인타 공항,INA,러시아
International AirportIrkutsk,이르쿠츠크 국제 공항,IKT,러시아
Inukjuak Airport,이누크주악 공항,YPH,캐나다
Inuvik Mike Zubko Airport,이누빅 마이크 주브코 공항,YEV,캐나다
Invercargill Airport,인버카길 공항,IVC,뉴질랜드
Inverell Airport,인버렐 공항,IVR,오스트레일리아
Inverness Airport,인버네스 공항,INV,영국
Inyokern Airport,인요컨 공항,IYK,미국
Ioannina National Airport,이오안니나 내셔널 공항,IOA,그리스
Ipota Airport,이포타 공항,IPA,바누아투
Iqaluit Airport,이칼루이트 공항,YFB,캐나다
Iranshahr Airport,이란샤르 공항,IHR,이란
Irece Airport,이레세 공항,IRE,브라질
Ireland West AirportKnock,아일랜드 웨스트 에어포트 노크,NOC,아일랜드
Iringa Airport,이링가 공항,IRI,탄자니아
Isafjrodur Airport,이사피외르뒤르 공항,IFJ,아이슬란드
Isfahan International Airport,이스파한 국제공항,IFN,이란
Isfana Airport,이스파나 공항,n/a,키르기스스탄
Ishwardi Airport,이쉬와르디 공항,IRD,방글라데시
Isiolo International Airport,이시올로 국제공항,n/a,케냐
Iskandar Airport,이스칸다르 공항,PKN,인도네시아
Islamabad International Airport,이슬라마바드 국제 공항,ISB,파키스탄
Islamkot Mai Bakhtawar Airport,이슬람코트 마이 바흐타와르 공항,n/a,파키스탄
Island Lake Airport,아일랜드 레이크 공항,YIV,캐나다
Islay Airport,아일레이 공항,ILY,영국
Isle of Man Airport,맨섬 공항,IOM,맨섬
Isole Tremiti Heliport,이솔레 트레미티 헬리포트,TQR,이탈리아
Isparta Sleyman Demirel Airport,이스파르타 쉴레이만 데미렐 공항,ISE,터키
Issyk Kul International Airport,이시크쿨 국제공항,IKU,키르기스스탄
Istanbul Airport,이스탄불 공항,IST,터키
Istanbul Atatrk Airport,이스탄불 아타튀르크 공항,ISL,터키
Itaituba Airport,이타이투바 공항,ITB,브라질
Itanhaem Airport,이타냐엠 공항,JTN,브라질
Ithaca Tompkins Regional Airport,이타카 톰킨스 공항,ITH,미국
Itokama Airport,이토카마 공항,ITK,파푸아뉴기니
Ittoqqortoormiit Airport,이토코르토르미트 공항,OBY,그린란드
Iturup Airport,이투럽 공항,ITU,러시아
Ivalo Airport,이발로 공항,IVL,핀란드
Ivano Frankivsk International Airport,이바노프란키우스크 국제공항,IFO,우크라이나
Ivanovo Yuzhny Airport,이바노보 유즈니 공항,IWA,러시아
Ivato International Airport,이바토 국제 공항,TNR,마다가스카르
Ivujivik Airport,이브지비크 공항,YIK,캐나다
Iwami Airport,이와미 공항,IWJ,일본
Iwo Jima Air Base,이오지마 공군기지,IWO,일본
Ixiamas Airport,익시아마스 공항,n/a,볼리비아
Ixtapa Zihuatanejo International Airport,익스타파 지와타네호 국제공항,ZIH,멕시코
Ixtepec Airport,익스테펙 공항,IZT,멕시코
Izhevsk Airport,이젭스크 공항,IJK,러시아
Izmir Adnan Menderes Airport,이즈미르 아드난 멘데레스 공항,ADB,터키
Izumo Airport,이즈모 공항,IZO,일본
JA Douglas McCurdy Sydney Airport,J.A. 더글러스 맥커디 시드니 공항,YQY,캐나다
Ja'Aluni Airport,자알루니 공항,JNJ,오만
Jabalpur Airport,자발푸르 공항,JLR,인도
Jacarepagua Airport,자카레파구아 공항,RRJ,브라질
Jacinto Lara International Airport,하신토 라라 국제 공항,BRM,베네수엘라
Jack Brooks Regional Airport,잭 브룩스 공항,BPT,미국
Jack Edwards Airport,잭 에드워즈 공항,GUF,미국
Jackson Evers International Airport,잭슨 에버스 국제공항,JAN,미국
Jackson Hole Airport,잭슨홀 공항,JAC,미국
Jacksons International Airport,잭슨스 국제 공항,POM,파푸아뉴기니
Jacksonville International Airport,잭슨빌 국제 공항,JAX,미국
Jacmel Airport,자크멜 공항,JAK,아이티
Jacqueline Cochran Regional Airport,재클린 코크란 공항,TRM,미국
JadeWeserAirport,제이드웨저공항,WVN,독일
Jaen Airport,하엔 공항,JAE,페루
Jaffna International Airport,자프나 국제 공항,JAF,스리랑카
Jaffrey AirportSilver Ranch,재프리 공항실버 랜치,AFN,미국
Jagdalpur Airport,자그달푸르 공항,JGB,인도
JAGS McCartney International Airport,JAGS 매카트니 국제공항,GDT,터크스케이커스 제도
Jaguaruna Regional Airport,자구아루나 지역 공항,JJG,브라질
Jahrom Airport,자롬 공항,JAR,이란
Jaime Gonzalez Airport,하이메 곤잘레스 공항,CFG,쿠바
Jaipur International Airport,자이푸르 국제 공항,JAI,인도
Jaisalmer Airport,자이살메르 공항,JSA,인도
Jajao Airport,자오 공항,JJA,솔로몬 제도
Jalalabad Airport,잘랄라바드 공항,JAA,아프가니스탄
Jalal-Abad Airport,잘랄아바드 공항,JBD,키르기스스탄
Jalaluddin Airport,잘랄루딘 공항,GTO,인도네시아
Jalgaon Airport,잘가온 공항,JLG,인도
Jalingo Airport,잘링고 공항,n/a,나이지리아
Jaluit Airport,잘루이트 공항,UIT,마샬 군도
Jam Airport,잼 공항,KNR,이란
Jamestown Regional Airport,제임스타운 공항,JMS,미국
Jammu Airport,잠무 공항,IXJ,인도
Jamnagar Airport,잠나가르 공항,JGA,인도
Janakpur Airport,자낙푸르 공항,JKR,네팔
Jandakot Airport,잔다콧 공항,JAD,오스트레일리아
Japura Airport,자푸라 공항,RGT,인도네시아
Jaque Airport,자케 공항,JQE,파나마
Jardines del Rey Airport,하르디네스 델 레이 공항,CCC,쿠바
Jask Airport,자스크 공항,JSK,이란
Jatai Airport,자타이 공항,n/a,브라질
Jebel Ali Seaplane Base,제벨 알리 수상비행기 기지,DJH,아랍에미레이트
Jeh Airport,제 공항,JEJ,마샬 군도
Jeju International Airport,제주국제공항,CJU,대한민국
Jeki Airstrip,제키 활주로,JEK,잠비아
Jengjal Baljek Airport,젱잘 발예크 공항,n/a,인도
Jequie Airport,제키에 공항,JEQ,브라질
Jeremie Airport,제레미 공항,JEE,아이티
Jerez Airport,헤레스 공항,XRY,스페인
Jersey Airport,저지 공항,JER,영국
Jessore Airport,제소르 공항,JSR,방글라데시
Jeypore Airport,제이포어 공항,PYB,인도
Jiagedaqi Airport,지가게퀴 공항,JGD,중국
Jiamusi Dongjiao Airport,자무쓰 공항,JMU,중국
Jiansanjiang Airport,지산항주 공항,JSJ,중국
Jiayuguan Airport,주취안 공항,JGN,중국
Jieyang Chaoshan International Airport,제양 차오산 국제공항,SWA,중국
Jihlava Airport,이흘라바 공항,n/a,체코
Jijel Ferhat Abbas Airport,지젤 퍼헷 하버스 공항,GJL,알제리
Jinan Yaoqiang International Airport,지난 야오창 국제공항,TNA,중국
Jinchang Jinchuan Airport,진창 진촨 공항,JIC,중국
Jingdezhen Luojia Airport,징더전 뤄지아 공항,JDZ,중국
Jinggangshan Airport,징강산 공항,JGS,중국
Jingzhou Shashi Airport,징저우 사시 공항,SHS,중국
Jining Da'an Airport,지닝 다안 공항,JNG,중국
Jinja Airport,진자 공항,JIN,우간다
Jinnah International Airport,진나 국제 공항,KHI,파키스탄
Jinzhou Bay Airport,진저우 베이 공항,JNZ,중국
Ji-Parana Airport,지-파라나 공항,JPR,브라질
Jiroft Airport,지로프트 공항,JYR,이란
Jiujiang Lushan Airport,주장 루산 공항,JIU,중국
Jiuzhai Huanglong Airport,주자이 황룽 공항,JZH,중국
Jixi Xingkaihu Airport,지시 싱카이후 공항,JXA,중국
Jizan Regional Airport,지잔 지역공항,GIZ,사우디아라비아
Jnkping Airport,옌셰핑 공항,JKG,스웨덴
Joao Correa da Rocha Airport,주앙 코레아 다 로차 공항,MAB,브라질
Joao Paulo II Airport,주앙 파울루 2세 공항,PDL,포르투갈
Joao Simoes Lopes Neto International Airport,주앙 시몽에스 로페스 네투 국제공항,PET,브라질
Jodhpur Airport,조드푸르 공항,JDH,인도
Joensuu Airport,조엔수 공항,JOE,핀란드
Johan Adolf Pengel International Airport,요한 아돌프 펭겔 국제 공항,PBM,수리남
John A. Osborne Airport,존 A. 오스본 공항,MNI,몬트세랫
John C. Munro Hamilton International Airport,존 C. 먼로 해밀턴 국제 공항,YHM,캐나다
John F. Kennedy International Airport,존 F. 케네디 국제 공항,JFK,미국
John Glenn Columbus International Airport,존 글렌 콜럼버스 국제 공항,CMH,미국
John Greif II Airport,존 그리프 II 공항,SPR,벨리즈
John Murtha Johnstown Cambria County Airport,존 머사 존스타운 캄브리아 카운티 공항,JST,미국
John Wayne Airport,존 웨인 공항,SNA,미국
Joinville Lauro Carneiro de Loyola Airport,조인빌 라우로 카르네이루 데 로욜라 공항,JOI,브라질
Jolly Grant Airport,졸리 그랜트 공항,DED,인도
Jolo Airport,졸로 공항,JOL,필리핀
Jomo Kenyatta International Airport,조모 케냐타 국제 공항,NBO,케냐
Jomsom Airport,좀솜 공항,JMO,네팔
Jonesboro Municipal Airport,존즈버러 공항,JBR,미국
Joplin Regional Airport,조플린 공항,JLN,미국
Jorge Chavez International Airport,호르헤 차베스 국제 공항,LIM,페루
Jorge Enrique Gonzalez Torres Airport,호르헤 엔리케 곤잘레스 토레스 공항,SJE,콜롬비아
Jorge Isaacs Airport,호르헤 이삭스 공항,MCJ,콜롬비아
Jorge Newbery Airpark,호르헤 뉴베리 에어파크,AEP,아르헨티나
Jorge Wilstermann International Airport,호르헤 윌스터만 국제 공항,CBB,볼리비아
Jorhat Airport,조르하트 공항,JRH,인도
Jos Orno Imsula Airport,조스 오르노 임술라 공항,JIO,인도네시아
Jose Aponte de la Torre Airport,호세 아폰테 데 라 토레 공항,NRR,푸에르토리코
Jose Celestino Mutis Airport,호세 셀레스티노 무티스 공항,BSC,콜롬비아
Jose JoaquIn de Olmedo International Airport,호세 호아킨 데 올메도 국제 공항,GYE,에콰도르
Jose Leonardo Chirino Airport,호세 레오나르도 치리노 공항,CZE,베네수엘라
Jose MarIa Cordova International Airport,호세 마리아 코르도바 국제 공항,MDE,콜롬비아
Jose MartI International Airport,호세 마르티 국제 공항,HAV,쿠바
Jose Tadeo Monagas International Airport,호세 타데오 모나가스 국제 공항,MUN,베네수엘라
Josefa Camejo International Airport,호세파 카메호 국제공항,LSP,베네수엘라
Joshua Mqabuko Nkomo International Airport,조슈아 뫄부코 엔코모 국제공항,BUQ,짐바브웨
Juan Gualberto Gomez Airport,후안 구알베르토 고메즈 공항,VRA,쿠바
Juan H. White Airport,후안 H. 화이트 공항,CAQ,콜롬비아
Juan Jose Rondon Airport,후안 호세 론돈 공항,RON,콜롬비아
Juan Manuel Galvez International Airport,후안 마누엘 갈베스 국제공항,RTB,온두라스
Juan Mendoza Airport,후안 멘도사 공항,ORU,볼리비아
Juan Pablo Perez Alfonzo Airport,후안 파블로 페레스 알폰조 공항,VIG,베네수엘라
Juan SantamarIa International Airport,후안 산타마리아 국제공항,SJO,코스타리카
Juan Simons Vela Airport,후안 시몬스 벨라 공항,RIJ,페루
Juan Vicente Gomez International Airport,후안 비센테 고메스 국제 공항,SVZ,베네수엘라
Juancho E. Yrausquin Airport,후안초 E. 이라우스퀸 공항,SAB,네덜란드령 카리브
Juanda International Airport,주안다 국제 공항,SUB,인도네시아
Juazeiro do Norte Airport,주아제이로 도 노르 공항,JDO,브라질
Juba International Airport,주바 국제 공항,JUB,수단
Jubail Airport,주바일 공항,QJB,사우디아라비아
JuIna Airport,후이나 공항,JIA,브라질
Juist Airport,주이스트 공항,JUI,독일
Julia Creek Airport,줄리아 크릭 공항,JCK,오스트레일리아
JUlio Belem Airport,줄리오 벨렘 공항,PIN,브라질
Julius Nyerere International Airport,줄리어스 니에레레 국제 공항,DAR,탄자니아
Jumandy Airport,주맨디 공항,TNW,에콰도르
Jumla Airport,줌라 공항,JUM,네팔
Jundiai Airport,준다이 공항,QDV,브라질
Juneau International Airport,주노 국제 공항,JNU,미국
Jurmala Airport,유르말라 공항,n/a,라트비아
Juvai Semaring Airport,주바이 세마링 공항,LBW,인도네시아
Juvenal Loureiro Cardoso Airport,쥬베날 루레이로 카르도소 공항,PTO,브라질
Juwata International Airport,주와타 국제공항,TRK,인도네시아
JyvAskylA Airport,위베스퀼레 공항,JYV,핀란드
Kaadedhdhoo Airport,카데드두 공항,KDM,몰디브
Kabale Airport,카발레 공항,n/a,우간다
Kaben Airport,카벤 공항,KBT,마샬 군도
Kabri Dar Airport,카브리 다르 공항,ABK,이디오피아
Kabul International Airport,카불 국제 공항,KBL,아프가니스탄
Kadanwari Airport,카단와리 공항,KCF,파키스탄
Kadapa Airport,카다파 공항,CDP,인도
Kadena Air Base,가데나 기지,DNA,일본
Kadhdhoo Airport,카드두 공항,KDO,몰디브
Kadugli Airport,카두글리 공항,KDX,수단
Kaduna Airport,카두나 공항,KAD,나이지리아
Kaedi Airport,카에디 공항,KED,모리타니아
Kaghau Airport,카가우 공항,KGE,솔로몬 제도
Kagoshima Airport,가고시마 공항,KOJ,일본
Kahama Buzwagi Airport,카하마 부즈와기 공항,KBH,탄자니아
Kahramanmaras Airport,카흐라만마라슈 공항,KCM,터키
Kahului Airport,카훌루이 공항,OGG,미국
Kaikoura Aerodrome,카이코우라 비행장,KBZ,뉴질랜드
Kailashahar Airport,카일라샤하르 공항,n/a,인도
Kaili Huangping Airport,카이리 황핑 공항,KJH,중국
Kaimana Airport,카이마나 공항,KNG,인도네시아
Kaitaia Airport,카이타이아 공항,KAT,뉴질랜드
Kajaani Airport,카자니 공항,KAJ,핀란드
Kakamega Airport,카카메가 공항,GGM,케냐
Kake Seaplane Base,가케 수상 비행기 기지,KAE,미국
Kalabo Airport,칼라보 공항,KLB,잠비아
Kalaburagi Airport,칼라부라기 공항,GBI,인도
Kalaeloa Airport,칼라엘로아 공항,JRF,미국
Kalaleh Airport,칼랄레 공항,KLM,이란
Kalamata International Airport,칼라마타 국제 공항,KLX,그리스
Kalamazoo/Battle Creek International Airport,캘러머주/배틀크릭 국제공항,AZO,미국
Kalaupapa Airport,칼라우파파 공항,LUP,미국
Kalaymyo Airport,칼레묘 공항,KMV,미얀마
Kalbarri Airport,칼바리 공항,KAX,오스트레일리아
Kalemie Airport,칼레미 공항,FMI,콩고 민주공화국
Kalgoorlie Boulder Airport,칼굴리 볼더 공항,KGI,오스트레일리아
Kalibo International Airport,칼리보 국제 공항,KLO,필리핀
Kalimarau Airport,칼리마라우 공항,BEJ,인도네시아
Kalma Wonsan International Airport,갈마원산국제공항,n/a,조선민주주의인민공화국
Kalmar Airport,칼마르 공항,KLR,스웨덴
Kalskag Airport,칼스카그 공항,KLG,미국
Kaltag Airport,칼탁 공항,KAL,미국
Kalumbila Airport,칼룸빌라 공항,n/a,잠비아
Kalymnos Island National Airport,칼림노스 아일랜드 내셔널 공항,JKL,그리스
Kamalpur Airport,카말푸르 공항,IXQ,인도
Kamembe Airport,카멤베 공항,KME,르완다
Kamina Airport,카미나 공항,KMN,콩고 민주공화국
Kamina Airport,카미나 공항,KMF,파푸아뉴기니
Kamishly Airport,카미슐리 공항,KAC,시리아
Kamloops Airport,캠룹스 공항,YKA,캐나다
Kananga Airport,카낭가 공항,KGA,콩고 민주공화국
Kanas Airport,카나스 공항,KJI,중국
Kandahar International Airport,칸다하르 국제 공항,KDH,아프가니스탄
Kandla Airport,칸들라 공항,IXY,인도
Kangding Airport,캉딩 공항,KGT,중국
Kangerlussuaq Airport,캉게를루수아크 공항,SFJ,그린란드
Kangiqsualujjuaq Airport,캥그프샬르주악 공항,XGR,캐나다
Kangiqsujuaq Airport,캉긱수주아크 공항,YWB,캐나다
Kangirsuk Airport,강기르숙 공항,YKG,캐나다
Kannur International Airport,칸누르 국제공항,CNN,인도
Kanpur Airport,칸푸르 공항,KNU,인도
Kansai International Airport,간사이 국제공항,KIX,일본
Kansas City International Airport,캔자스시티 국제공항,MCI,미국
Kaohsiung International Airport,가오슝 국제공항,KHH,대만
Kapalua Airport,카팔루아 공항,JHM,미국
Kapiti Coast Airport,카피티 코스트 공항,PPQ,뉴질랜드
Kapuskasing Airport,카푸스카싱 공항,YYU,캐나다
Karakol International Airport,카라콜 국제공항,n/a,키르기스스탄
Karamay Airport,카라메이 공항,KRY,중국
Karasburg Airport,카라스버그 공항,KAS,나미비아
KArdla Airport,케르들라 공항,KDL,에스토니아
Karel Sadsuitubun Airport,카렐 사드수이투분 공항,LUV,인도네시아
Kargil Airport,카르길 공항,n/a,인도
Kariba Airport,카리바 공항,KAB,짐바브웨
Karlovy Vary Airport,카를로비바리 공항,KLV,체코
Karlsruhe Baden Baden Airport,카를스루에/바덴바덴 공항,FKB,독일
Karlstad Airport,칼스타드 공항,KSD,스웨덴
Karluk Airport,카를룩 공항,KYK,미국
Karonga Airport,카롱가 공항,KGJ,말라위
Karpathos Island National Airport,카르파토스 아일랜드 내셔널 공항,AOK,그리스
Karratha Airport,카라타 공항,KTA,오스트레일리아
Kars Harakani Airport,카르스 하라카니 공항,KSY,터키
Karshi Airport,카르시 공항,KSQ,우즈베키스탄
Karumba Airport,카룸바 공항,KRB,오스트레일리아
Karup Airport,카룹 공항,KRP,덴마크
Kasaan Seaplane Base,카산 수상비행기 기지,KXA,미국
Kasabonika Airport,카사보니카 공항,XKS,캐나다
Kasama Airport,가사마 공항,KAA,잠비아
Kasane Airport,카사네 공항,BBK,보츠와나
Kasenga Airport,카센가 공항,KEC,콩고 민주공화국
Kasese Airport,카세세 공항,KSE,우간다
Kashan Airport,카샨 공항,KKS,이란
Kashechewan Airport,카셰체완 공항,ZKE,캐나다
Kashgar Airport,카슈가르 공항,KHG,중국
Kasigluk Airport,카시글룩 공항,KUK,미국
Kasiguncu Airport,카시군쿠 공항,PSJ,인도네시아
Kasos Island Public Airport,카소스 아일랜드 공항,KSJ,그리스
Kassala Airport,카살라 공항,KSL,수단
Kassel Airport,카셀 공항,KSF,독일
Kastamonu Airport,카스타모누 공항,KFS,터키
Kastellorizo Island Public Airport,카스텔로리조 아일랜드 공항,KZS,그리스
Kastoria National Airport,카스토리아 내셔널 공항,KSO,그리스
Katima Mulilo Airport,카티마무릴로 공항,MPA,나미비아
Katiu Airport,카티우 공항,KXU,프랑스령 폴리네시아
Katowice International Airport,카토비체 국제 공항,KTW,폴란드
Katsina Airport,카치나 공항,DKA,나이지리아
Kauehi Aerodrome,카우에히 비행장,KHZ,프랑스령 폴리네시아
Kaukura Airport,카우쿠라 공항,KKR,프랑스령 폴리네시아
Kaunas International Airport,카우나스 국제 공항,KUN,리투아니아
Kavala International Airport,카발라 국제공항,KVA,그리스
Kavalerovo Airport,카발레로보 공항,KVR,러시아
Kavieng Airport,카비엥 공항,KVG,파푸아뉴기니
Kavumu Airport,카부무 공항,BKY,콩고 민주공화국
Kawthaung Airport,카우타웅 공항,KAW,미얀마
Kayes Airport,카이스 공항,KYS,말리
Kazan International Airport,카잔 국제 공항,KZN,러시아
Kazarman Airport,카자르만 공항,n/a,키르기스스탄
Kazi Nazrul Islam Airport,카지 나즈룰 이슬람 공항,RDP,인도
Kearney Regional Airport,카니 공항,EAR,미국
Kediri Dhoho International Airport,케디리 도호 국제공항,DHX,인도네시아
Keekorok Airport,키코록 공항,KEU,케냐
Keewaywin Airport,키웨이윈 공항,KEW,캐나다
Kefalonia International Airport,케팔로니아 국제 공항,EFL,그리스
KeflavIk International Airport,케플라비크 국제 공항,KEF,아이슬란드
Kegaska Airport,케가스카 공항,ZKG,캐나다
Kelani River Peliyagoda Waterdrome,켈라니 강 펠리야고다 물장,KEZ,스리랑카
Kelowna International Airport,킬로나 국제 공항,YLW,캐나다
Kemerovo International Airport,케메로보 국제공항,KEJ,러시아
Kemi Tornio Airport,케미토르니오 공항,KEM,핀란드
Kempegowda International Airport,켐페고다 국제 공항,BLR,인도
Kenai Municipal Airport,케나이 공항,ENA,미국
Kengtung Airport,켕퉁 공항,KET,미얀마
Kenmore Air Harbor ,켄모어 에어 하버,KEH,미국
Kenmore Air Harbor Seaplane Base,켄모어 에어 하버 수상 비행기 기지,LKE,미국
Kenneth Kaunda International Airport,케네스 카운다 국제 공항,LUN,잠비아
Kenora Airport,케노라 공항,YQK,캐나다
Kenosha Regional Airport,케노샤 공항,ENW,미국
Keperveyem Airport,케퍼베옐 공항,KPW,러시아
Kerben Airport,케르벤 공항,n/a,키르기스스탄
Kerema Airport,케레마 공항,KMA,파푸아뉴기니
Kerikeri Airport,케리케리 공항,KKE,뉴질랜드
Kerki Airport,케르키 공항,KEA,투르크메니스탄
Kerman Airport,케르만 공항,KER,이란
Kerry Airport,케리 공항,KIR,아일랜드
Kertajati International Airport,케르타자티 국제공항,KJT,인도네시아
Kerteh Airport,케르테 공항,KTE,말레이시아
Keshod Airport,케쇼드 공항,IXK,인도
Ketchikan International Airport,케치칸 국제공항,KTN,미국
Key West International Airport,키웨스트 국제 공항,EYW,미국
Khabarovsk Novy Airport,하바롭스크 노비 공항,KHV,러시아
Khamti Airport,캄티 공항,KHM,미얀마
Khanty Mansiysk Airport,한티 만시스크 공항,HMA,러시아
Kharg Airport,카르그 공항,KHK,이란
Kharkiv International Airport,하르키우 국제공항,HRK,우크라이나
Khartoum International Airport,하르툼 국제 공항,KRT,수단
Khasab Airport,카삽 공항,KHS,오만
Khatanga Airport,카탕가 공항,HTG,러시아
Khatgal Airport,카트갈 공항,HTM,몽골
Kherson International Airport,헤르손 국제 공항,KHE,우크라이나
Khmelnytskyi Airport,크멜니츠키 공항,HMJ,우크라이나
Khok Kathiam Air Force Base,콕 카티암 공군기지,KKM,태국
Khon Kaen Airport,콘캔 공항,KKC,태국
Khorog Airport,코로그 공항,n/a,타지키스탄
Khorramabad Airport,코라마바드 공항,KHD,이란
Khost Airfield,고스트 비행장,KHT,아프가니스탄
Khotang Bazar Thamkharkar Airport,코탕 바자르 탐하카르 공항,n/a,네팔
Khovd Airport,호브드 공항,HVD,몽골
Khoy Airport,코이 공항,KHY,이란
Khrabrovo Airport,크라브로보 공항,KGD,러시아
Khujand Airport,후잔트 공항,LBD,타지키스탄
Kichwa Tembo Airport,키츠와 템보 공항,KTJ,케냐
Kiel Airport,킬 공항,KEL,독일
Kigali International Airport,키갈리 국제공항,KGL,르완다
Kigoma Airport,키고마 공항,TKQ,탄자니아
Kihihi Airstrip,키히히 활주로,KHX,우간다
Kikai Airport,기카이 공항,KKX,일본
Kikori Airport,키코리 공항,KRI,파푸아뉴기니
Kili Airport,킬리 공항,KIO,마샬 군도
Kilimanjaro International Airport,킬리만자로 국제 공항,JRO,탄자니아
Killeen Fort Hood Regional Airport,킬린 포트 후드 공항,GRK,미국
Kilwa Masoko Airport,킬와 마소코 공항,KIY,탄자니아
Kimberley Airport,킴벌리 공항,KIM,남아프리카
Kimmirut Airport,킴미루트 공항,YLC,캐나다
Kindu Airport,킨두 공항,KND,콩고 민주공화국
King Abdulaziz International Airport,킹 압둘아지즈 국제공항,JED,사우디아라비아
King County International Airport,킹 카운티 국제공항,BFI,미국
King Cove Airport,킹 코브 공항,KVC,미국
King Fahd International Airport,킹 파드 국제 공항,DMM,사우디아라비아
King Hussein International Airport,킹 후세인 국제공항,AQJ,요르단
King Island Airport,킹 아일랜드 공항,KNS,오스트레일리아
King Khalid International Airport,킹 칼리드 국제 공항,RUH,사우디아라비아
King Mswati III International Airport,킹 음스와티 3세 국제공항,SHO,에스와티니
King Phalo Airport,킹 팔로 공항,ELS,남아프리카
King Salmon Airport,킹 새먼 공항,AKN,미국
King Shaka International Airport,킹 샤카 국제 공항,DUR,남아프리카
Kingfisher Lake Airport,킹피셔 레이크 공항,KIF,캐나다
Kingman Airport,킹맨 공항,IGM,미국
Kingscote Airport,킹스코트 공항,KGC,오스트레일리아
Kingston Norman Rogers Airport,킹스턴/노먼 로저스 공항,YGK,캐나다
Kinmen Airport,진먼 공항,KNH,대만
Kinston Regional Jetport ,킨스턴 지역 제트포트,ISO,미국
Kipnuk Airport,킵누크 공항,KPN,미국
Kirakira Airport,키라키라 공항,IRA,솔로몬 제도
Kirawira B Airstrip,키라위라 B 활주로,GTZ,탄자니아
Kirensk Airport,키렌스크 공항,KCK,러시아
Kirkenes Airport,키르케네스 공항,KKN,노르웨이
Kirksville Regional Airport,커크스빌 공항,IRK,미국
Kirkuk Airport,키르쿠크 공항,KIK,이라크
Kirkwall Airport,커크월 공항,KOI,영국
Kirovsk Apatity Airport,키로프스크 아파티티 공항,KVK,러시아
Kiruna Airport,키루나 공항,KRN,스웨덴
Kish International Airport,키시 국제공항,KIH,이란
Kismayo Airport,키스마요 공항,KMU,소말리아
Kisumu International Airport,키수무 국제공항,KIS,케냐
Kitadaito Airport,기타다이토 공항,KTD,일본
Kitakyushu Airport,기타큐슈 공항,KKJ,일본
Kitale Airport,키탈레 공항,KTL,케냐
Kithira Island National Airport,키티라 아일랜드 내셔널 공항,KIT,그리스
Kitoi Bay Seaplane Base,키토이만 수상비행기 기지,KKB,미국
KittilA Airport,키틸라 공항,KTT,핀란드
Kiunga Airport,기웅가 공항,UNG,파푸아뉴기니
Kivalina Airport,키발리나 공항,KVL,미국
Klagbay Airport,클라그베이 공항,n/a,미국
Klagenfurt Airport,클라겐푸르트 공항,KLU,오스트리아
Klamath Falls Airport,클래머스 폴스 공항,LMT,미국
Klawock Airport,클라웍 공항,KLW,미국
Klemtu Water Aerodrome,클렘투 수상비행장,YKT,캐나다
Knox County Regional Airport,녹스 카운티 공항,RKD,미국
Kobe Airport,고베 공항,UKB,일본
Kobuk Airport,고북공항,OBU,미국
Kochi Ryoma Airport,고치 료마 공항,KCZ,일본
Kodiak Airport,코디악 공항,ADQ,미국
Kodiak Municipal Airport,코디악 공항,KDK,미국
Kogalym International Airport,코갈림 국제공항,KGP,러시아
Koggala Airport,코갈라 공항,KCT,스리랑카
Kokhanok Airport,코하녹 공항,KNK,미국
Kokkola Pietarsaari Airport,코콜라 피에타르사리 공항,KOK,핀란드
Kokoda Airport,코코다 공항,KKD,파푸아뉴기니
Kokshetau Airport,콕셰타우 공항,KOV,카자흐스탄
Kolda North Airport,콜다 노스 공항,KDA,세네갈
Kolhapur Airport,콜라푸르 공항,KLH,인도
Koliganek Airport,콜리가넥 공항,KGK,미국
Koltsovo International Airport,콜초보 국제 공항,SVX,러시아
Kolwezi Airport,콜웨지 공항,KWZ,콩고 민주공화국
Komatsu Airport,고마쓰 공항,KMQ,일본
Kombolcha Airport,콤볼차 공항,DSE,이디오피아
Komo Manda Airport,코모만다 공항,KOM,파푸아뉴기니
Komodo Airport,코모도 공항,LBJ,인도네시아
Komsomolsk on Amur Airport,콤소몰스크 온 아무르 공항,KXK,러시아
Kona International Airportat Kehole,케아홀 코나 국제공항,KOA,미국
Konarak Airport,코나라크 공항,ZBR,이란
Kondavattavan Tank Seaplane Base,콘다바타반 탱크 수상비행기 기지,AFK,스리랑카
Kone Airport,코네 공항,KNQ,뉴칼레도니아
Kongiganak Airport,콩기가낙 공항,KKH,미국
Kongolo Airport,콩골로 공항,KOO,콩고 민주공화국
Konya Airport,콘야 공항,KYA,터키
Kooddoo Airport,쿠두 공항,GKK,몰디브
Korhogo Airport,코로고 공항,HGO,코트디부아르
Korla Airport,코를라 공항,KRL,중국
Koro Airport,고로 공항,KXF,피지
Koromiko Airport,코로미코 공항,PCN,뉴질랜드
Kortrijk Wevelgem International Airport,코르트레이크 베벨겜 국제공항,KJK,벨기에
Kos Island International Airport,코스 아일랜드 국제 공항,KGS,그리스
Kosice International Airport,코시체 국제 공항,KSC,슬로바키아
Kosrae International Airport,코스라에 국제공항,KSA,미크로네시아연방
Kostanay Airport,코스타나이 공항,KSN,카자흐스탄
Kostroma Airport,코스트로마 공항,KMW,러시아
Kota Airport,코타 공항,KTU,인도
Kota Kinabalu International Airport,코타키나발루 국제공항,BKI,말레이시아
Kotlas Airport,코틀라스 공항,KSZ,러시아
Kotlik Airport,코틀릭 공항,KOT,미국
Koulamoutou Airport,쿨라무투 공항,KOU,가봉
Koumac Airport,쿠막 공항,KOC,뉴칼레도니아
Kowanyama Airport,고완야마 공항,KWM,오스트레일리아
Koyuk Alfred Adams Airport,코유크 알프레드 아담스 공항,KKA,미국
Koyukuk Airport,고유국공항,KYU,미국
Kozani National Airport,코자니 내셔널 공항,KZI,그리스
Kozushima Airport,고즈시마 공항,n/a,일본
Krabi Airport,끄라비 공항,KBV,태국
Krakow John Paul II International Airport,크라쿠프 요한 바오로 2세 국제공항,KRK,폴란드
Krasnodar International Airport,크라스노다르 국제공항,KRR,러시아
Krasnoselkup Airport,크라스노쿱 공항,KKQ,러시아
Krasnoyarsk Cheremshanka Airport,크라스노야르스크 체렘샨카 공항,KCY,러시아
Krayniy Airport,크라이니 공항,BXY,카자흐스탄
Kristiansand Airport Kjevik,크리스티안산 공항 케비크,KRS,노르웨이
Kristianstad Airport,크리스티안스타드 공항,KID,스웨덴
Kristiansund Airport Kvernberget,크리스티안순 크베른베리에트 공항 ,KSU,노르웨이
Kruger Mpumalanga International Airport,크루거 음푸말랑가 국제공항,MQP,남아프리카
Krui Muhammad Taufiq Kiemas Airport,무하마드 타우피크 키에마스 공항,n/a,인도네시아
Kryvyi Rih International Airport,크리비리흐 국제공항,KWG,우크라이나
Kuabang Airport,쿠아방 공항,KAZ,인도네시아
Kuala Lumpur International Airport,쿠알라룸푸르 국제공항,KUL,말레이시아
Kualanamu International Airport,쿠알라나무 국제공항,KNO,인도네시아
Kubin Airport,쿠빈 공항,KUG,오스트레일리아
Kuching International Airport,쿠칭 국제 공항,KCH,말레이시아
Kudat Airport,쿠닷 공항,KUD,말레이시아
Kufra Airport,쿠프라 공항,AKF,리비아
Kugaaruk Airport,쿠가룩 공항,YBB,캐나다
Kugluktuk Airport,쿠글룩툭 공항,YCO,캐나다
Kuito Airport,쿠이토 공항,SVP,앙골라
Kukes International Airport,쿠카스 국제공항,KFZ,알바니아
Kulhudhuffushi Airport,쿨후후푸시 공항,HDK,몰디브
Kulob Airport,쿨롭 공항,TJU,타지키스탄
Kulusuk Airport,쿨루수크 공항,KUS,그린란드
Kumamoto Airport,구마모토 공항,KMJ,일본
Kumejima Airport,구메지마 공항,UEO,일본
Kunduz Airport,쿤두즈 공항,UND,아프가니스탄
Kunming Changshui International Airport,쿤밍 창수이 국제공항,KMG,중국
Kunovice Airport,쿠노비체 공항,UHE,체코
Kuopio Airport,쿠오피오 공항,KUO,핀란드
Kuqa Qiuci Airport,쿠카 추치 공항,KCA,중국
Kuressaare Airport,쿠레사레 공항,URE,에스토니아
Kurgan Airport,쿠르간 공항,KRO,러시아
Kuria Airport,쿠리아 공항,KUC,키리바시
Kurnool Airport,쿠르놀 공항,KJB,인도
Kursk Vostochny Airport,쿠르스크 보스토크니 공항,URS,러시아
Kurumoch International Airport,쿠루모치 국제공항,KUF,러시아
Kushinagar International Airport,쿠시나가라 국제공항,KBK,인도
Kushiro Airport,구시로 공항,KUH,일본
Kushok Bakula Rimpochee Airport,쿠속 바쿨라 림포체 공항,IXL,인도
Kutacane Alas Leuser Airport,쿠타카네 알라스 레우저 공항,n/a,인도네시아
Kutahya Airport,쿠타히아 공항,n/a,터키
Kuujjuaq Airport,쿠주악 공항,YVP,캐나다
Kuujjuarapik Airport,쿠주아라픽 공항,YGW,캐나다
Kuusamo Airport,쿠사모 공항,KAO,핀란드
Kuwait International Airport,쿠웨이트 국제 공항,KWI,쿠웨이트
Kwailabesi Airport,콰일라베시 공항,KWS,솔로몬 제도
Kwethluk Airport,웨트룩 공항,KWT,미국
Kwigillingok Airport,크위길링곡 공항,KWK,미국
Kyaukpyu Airport,캬욱퓨 공항,KYP,미얀마
Kyiv International Airport,키예프 국제공항,IEV,우크라이나
Kyzyl Airport,키질 공항,KYZ,러시아
Kyzyl-Kiya Airport,키질기야 공항,n/a,키르기스스탄
Kyzylorda Airport,키질로르다 공항,KZO,카자흐스탄
L. M. Clayton Airport,L. M. 클레이튼 공항,OLF,미국
L.F. Wade International Airport,L. F. 웨이드 국제공항,BDA,버뮤다
La AraucanIa Airport,라 아라우카니아 공항,ZCO,칠레
La Aurora International Airport,라 아우로라 국제 공항,GUA,과테말라
La Chinita International Airport,라 치니타 국제 공항,MAR,베네수엘라
La Chorrera Airport,라 초레라 공항,LCR,콜롬비아
La Crosse Regional Airport,라크로스 공항,LSE,미국
La Cumbre Airport,라 쿰브레 공항,LCM,아르헨티나
La Florida Airport,라 플로리다 공항,LSC,칠레
La Florida Airport,라 플로리다 공항,TCO,콜롬비아
La Fortuna Arenal Airport,라 포르투나 아레날 공항,FON,코스타리카
La FrIa Airport,라 프리아 공항,LFR,베네수엘라
La Gomera Airport,라 고메라 공항,GMZ,스페인
La Grande Riviere Airport,라 그랑드 리비에르 공항,YGL,캐나다
La Isabela International Airport,라 이사벨라 국제공항,JBQ,도미니카공화국
La Macarena Airport,라 마카레나 공항,LMC,콜롬비아
La Mole Saint Tropez Airport,라 몰 생트로페 공항,LTT,프랑스
La Nubia Airport,라 누비아 공항,MZL,콜롬비아
La Palma Airport,라 팔마 공항,SPC,스페인
La Pedrera Airport,라 페드레라 공항,LPD,콜롬비아
La Plata Airport,라 플라 타 공항,LPG,아르헨티나
La Primavera Airport,라 프리마베라 공항,LPE,콜롬비아
La Rochelle Ile de Re Airport,라 로셸 일레 드 레 공항,LRH,프랑스
La Romaine Airport,라로메인 공항,ZGS,캐나다
La Romana International Airport,라 로마나 국제공항,LRM,도미니카공화국
La Ronge Airport,라 롱즈 공항,YVC,캐나다
La Seu d'Urgell Airport,라 세우 두르겔 공항,LEU,스페인
La Tabatiere Airport,라 타바티에르 공항,ZLT,캐나다
La Tontouta International Airport,라 톤투타 국제공항,NOU,뉴칼레도니아
La Tortuga Island Airport,라 토르투가 섬 공항,n/a,베네수엘라
La Vanguardia Airport,라 방과디아 공항,VVC,콜롬비아
Labasa Airport,라바사 공항,LBS,피지
Labo Airport,라보 공항,OZC,필리핀
Labrea Airport,라브레아 공항,LBR,브라질
Labuan Airport,라부앙 공항,LBU,말레이시아
Lac Brochet Airport,락 브로셰 공항,XLB,캐나다
Lae Airport,라에 공항,LML,마샬 군도
Lae Nadzab Airport,라에 나드잡 공항,LAE,파푸아뉴기니
Laeso Airport,라소 공항,BYR,덴마크
Lafayette Regional Airport,라파예트 공항,LFT,미국
Lago Agrio Airport,라고 아그리오 공항,LGQ,에콰도르
LaGuardia Airport,라과디아 공항,LGA,미국
Laguindingan Airport,라긴딩안 공항,CGY,필리핀
Lahad Datu Airport,라하드 다투 공항,LDU,말레이시아
Lajes Airport,라예즈 공항,TER,포르투갈
Lake Baringo Airport,레이크 바링고 공항,LBN,케냐
Lake Charles Regional Airport,레이크 찰스 공항,LCH,미국
Lake Evella Airport,레이크 에벨라 공항,LEL,오스트레일리아
Lake Macquarie Airport,레이크 맥쿼리 공항,BEO,오스트레일리아
Lake Manyara Airport,레이크 만야라 공항,LKY,탄자니아
Lake Minchumina Airport,레이크 민추미나 공항,LMA,미국
Lake Murray Airport,레이크 머레이 공항,LMY,파푸아뉴기니
Lake Simcoe Regional Airport,레이크 심코 지역공항,YLK,캐나다
Lake Tahoe Airport,레이크 타호 공항,TVL,미국
Lakeba Airport,라케바 공항,LKB,피지
LakeFieldAirport,레이크필드 공항,LFP,오스트레일리아
Lakefront Airport,레이크프론트 공항,NEW,미국
Lakeland Airport,레이크랜드 공항,ARV,미국
Lakeland Linder International Airport,레이크랜드 린더 국제공항,LAL,미국
Lakselv Airport Banak,바낙 공항,LKL,노르웨이
Lal Bahadur Shastri Airport,랄 바하두르 샤스트리 공항,VNS,인도
Lalibela Airport,랄리벨라 공항,LLI,이디오피아
Lambert St. Louis International Airport,램버트 세인트루이스 국제공항,STL,미국
Lamen Bay Airport,라멘 베이 공항,LNB,바누아투
Lamerd Airport,라머드 공항,LFM,이란
Lamezia Terme International Airport,라메지아 테르메 국제공항,SUF,이탈리아
Lamidanda Airport,라미단다 공항,LDN,네팔
Lampang Airport,람팡 공항,LPT,태국
Lampedusa Airport,람페두사 공항,LMP,이탈리아
Lanai Airport,라나이 공항,LNY,미국
Lancang Jingmai Airport,란창 징마이 공항,JMJ,중국
Lancaster Airport,랭커스터 공항,LNS,미국
Land's End Airport,랜즈엔드 공항,LEQ,영국
Langkawi International Airport,랑카위 국제 공항,LGK,말레이시아
Langley Regional Airport,랭글리 지역공항,YLY,캐나다
Langzhong Gucheng Airport,랑중 구청 공항,LZG,중국
Lankaran International Airport,랑카란 국제 공항,LLK,아제르바이잔
Lannion Cote de Granit Airport,라니옹 코트 드 그라니트 공항,LAI,프랑스
Lansdowne House Airport,랜스다운 하우스 공항,YLH,캐나다
Lanseria International Airport,란세리아 국제 공항,HLA,남아프리카
Lanyu Airport,란위 공항,KYD,대만
Lanzarote Airport,란사로테 공항,ACE,스페인
Lanzhou Zhongchuan International Airport,란저우 중촨 국제공항,LHW,중국
Laoag International Airport,라오아그 국제 공항,LAO,필리핀
Lappeenranta Airport,라펜란타 공항,LPP,핀란드
L'Aquila Preturo Airport,라퀼라 프레투로 공항,QAQ,이탈리아
Laramie Regional Airport,래러미 공항,LAR,미국
Laredo International Airport,라레도 국제 공항,LRD,미국
Larestan International Airport,라레스탄 국제 공항,LRR,이란
Larnaca International Airport,라르나카 국제 공항,LCA,키프러스
Larsen Bay Airport,라슨 베이 공항,KLN,미국
Las Americas International Airport,라스 아메리카스 국제 공항,SDQ,도미니카공화국
Las Brujas Airport,라스 브루하스 공항,BWW,쿠바
Las Brujas Airport,라스 브루하스 공항,CZU,콜롬비아
Las Flecheras Airport,라스 플레체라스 공항,SFD,베네수엘라
Las Higueras Airport,라스 이구에라스 공항,RCU,아르헨티나
Lashio Airport,라시오 공항,LSH,미얀마
Latur Airport,라투르 공항,LTU,인도
Laucala Airport,라우칼라 공항,LUC,피지
Laughlin/Bullhead International Airport,라플린/불헤드 국제공항,IFP,미국
Launceston Airport,론서스턴 공항,LST,오스트레일리아
Laurence G. Hanscom Field,로렌스 지 핸스컴 필드,BED,미국
Lauro Kurtz Airport,라우로 쿠르츠 공항,PFB,브라질
Lavan Airport,라반 공항,LVP,이란
Laverton Airport,래버튼 공항,LVO,오스트레일리아
Lawas Airport,라와스 공항,LWY,말레이시아
Lawton Fort Sill Regional Airport,로턴 포트실 공항,LAW,미국
Lazaro Cardenas Airport,라사로 카르데나스 공항,LZC,멕시코
Lbeck Airport,뤼베크 공항,LBC,독일
Lderitz Airport,루데리츠 공항,LUD,나미비아
Le Havre Octeville Airport,르아브르 옥트빌 공항,LEH,프랑스
Le Mans Arnage Airport,르망 아르나쥬 공항,LME,프랑스
Le Puy Loudes Airport,르 퓌 루드 공항,LPY,프랑스
Le Touquet Cote d'Opale Airport,르 투케,LTQ,프랑스
Lea County Regional Airport,레아 카운티 공항,HOB,미국
Learmonth Airport,리어먼스 공항,LEA,오스트레일리아
Lebak Airport,레박 공항,LWA,필리핀
Lebanon Municipal Airport,레바논 공항,LEB,미국
Lede Kalumbang,레데 칼룸방 공항,TMC,인도네시아
Leeds Bradford Airport,리즈 브래드 포드 공항,LBA,영국
Leesburg International Airport,리스버그 국제 공항,LEE,미국
Lehigh Valley International Airport,리하이 밸리 국제공항,ABE,미국
Leinster Airport,렌스터 공항,LER,오스트레일리아
Leipzig Altenburg Airport,라이프치히 알텐부르크 공항,AOC,독일
Leipzig/Halle Airport,라이프치히/할레 공항,LEJ,독일
Leite Lopes Airport,레이테 로페스 공항,RAO,브라질
Leknes Airport,레크네스 공항,LKN,노르웨이
Lelystad Airport,렐리스테이드 공항,LEY,네덜란드
Lemhi County Airport,레미 카운티 공항,SMN,미국
Lemnos International Airport,렘노스 국제 공항,LXS,그리스
Lengbati Airport,렝바티 공항,LNC,파푸아뉴기니
Lengpui Airport,렝푸이 공항,AJL,인도
Lensk Airport,렌스크 공항,ULK,러시아
Leon Airport,레온 공항,LEN,스페인
Leonardo da Vinci Fiumicino Airport,레오나르도 다빈치 피우미치노 공항,FCO,이탈리아
Leonora Airport,레오노라 공항,LNO,오스트레일리아
Leopold Sedar Senghor International Airport,레오폴드 세다르 셍호르 국제공항,DKR,세네갈
Leos Janacek AirportOstrava,오스트라바 레오슈 야나첵 공항,OSR,체코
Leros Municipal Airport,레로스 공항,LRS,그리스
Les Sables d'Olonne Talmont Airport,탈몽 공항,LSO,프랑스
Leshukonskoye Airport,레슈콘스코예 공항,LDG,러시아
L'Esperance Airport,레스페랑스 공항,SFG,세인트마틴(프랑스령)
Lethbridge Airport,레스브리지 공항,YQL,캐나다
Lethem Airport,레템 공항,LTM,가이아나
Letung Airport,레퉁 공항,LMU,인도네시아
Levelock Airport,레벨록 공항,KLL,미국
Levuka AirField,레부카 비행장,LEV,피지
Lewiston Nez Perce County Airport,루이스턴 네즈 퍼스 카운티 공항,LWS,미국
Lewistown Municipal Airport,루이스타운 공항,LWT,미국
Lhasa Gonggar Airport,라싸 공가르 공항,LXA,중국
Lianyungang Baitabu Airport,롄윈강 바이타부 공항,LYG,중국
Liberal Mid America Regional Airport,리버럴 미드 아메리카 공항,LBL,미국
Libertador General Jose de San MartIn Airport,리베르타도르 제네랄 호세 데 산 마르틴 공항,PSS,아르헨티나
Libo Airport,리보 공항,LLB,중국
Libreville International Airport,레온 음바 국제공항,LBV,가봉
Lic. JesUs Teran Peredo International Airport,헤수스 테란 페레도 국제공항,AGU,멕시코
Licenciado Adolfo Lopez Mateos International Airport,리센시아도 아돌포 로페스 마테오스 국제공항,TLC,멕시코
Licenciado Gustavo DIaz Ordaz International Airport,리센시아도 구스타보 디아스 오르다스 국제공항,PVR,멕시코
Licenciado Miguel de la Madrid Airport,리센시아도 미겔 데 라 마드리드 공항,CLQ,멕시코
Lichinga Airport,리칭가 공항,VXC,모잠비크
Liege Airport,리에주 공항,LGG,벨기에
Lien Khuong Airport,리엔크엉 공항,DLI,베트남
Liepaja International Airport,리에파야 국제공항,LPX,라트비아
Lifuka Island Airport,리푸카 아일랜드 공항,HPA,통가
Lihir Island Airport,리히르 아일랜드 공항,LNV,파푸아뉴기니
Lihue Airport,리후에 공항,LIH,미국
Lijiang Sanyi Airport,리장 산이 공항,LJG,중국
Likiep Airport,리키엡 공항,LIK,마샬 군도
Likoma Airport,리코마 공항,LIX,말라위
Lilabari Airport,릴라바리 공항,IXI,인도
Lille Airport,릴 공항,LIL,프랑스
Lilongwe International Airport,릴롱궤 국제공항,LLW,말라위
Limbang Airport,림방 공항,LMN,말레이시아
Limoges Bellegarde Airport,리모주 벨가르드 공항,LIG,프랑스
Limon International Airport,리몬 국제 공항,LIO,코스타리카
Linate Airport,리나테 공항,LIN,이탈리아
Lincang Airport,린창 공항,LNJ,중국
Lincoln Airport,링컨 공항,LNK,미국
Lindi Airport,린디 공항,LDI,탄자니아
Linfen Yaodu Airport,린펀 야오두 공항,LFQ,중국
Lingayen Airport,링가옌 공항,n/a,필리핀
Linhares Airport,린하레스 공항,LHN,브라질
Linkping Airport,린셰핑 공항,LPI,스웨덴
Linyi Qiyang Airport,린이 치양 공항,LYI,중국
Linz Airport,린츠 공항,LNZ,오스트리아
Lipa Basilio Fernando Air Base,리파 바실리오 페르난도 공군기지,n/a,필리핀
Lipetsk Airport,리페츠크 공항,LPK,러시아
Liping Airport,리핑 공항,HZH,중국
Lisala Airport,리살라 공항,LIQ,콩고 민주공화국
Lisbon Portela Airport,리스본 포르텔라 공항,LIS,포르투갈
Lismore Airport,리스모어 공항,LSY,오스트레일리아
Little Grand Rapids Airport,리틀 그랜드 래피즈 공항,ZGR,캐나다
Liupanshui Yuezhao Airport,류판수이 웨자오 공항,LPF,중국
Liuzhou Bailian Airport,리우저우 바이롄 공항,LZH,중국
Livermore Municipal Airport,리버모어 공항,LVK,미국
Liverpool John Lennon Airport,리버풀 존 레논 공항,LPL,영국
Lizard Island Airport,리자드 아일랜드 공항,LZR,오스트레일리아
Ljubljana JoZe Pucnik Airport,류블랴나 요제 푸치니크 공항,LJU,슬로베니아
Lleida Alguaire Airport,레이다 알게이르 공항,ILD,스페인
Lliang Airport,뤼량 공항,LLV,중국
Lloydminster Airport,로이드민스터 공항,YLL,캐나다
L'Mekrareg Airport,라구아트 공항,LOO,알제리
Loakan Airport,로아칸 공항,BAG,필리핀
Lockhart River Airport,록하트 리버 공항,IRG,오스트레일리아
Lodja Airport,로자 공항,LJA,콩고 민주공화국
Lodwar Airport,로드와르 공항,LOK,케냐
Lodz WLadysLaw Reymont Airport,우치 브와디스와프 레이몬트 공항,LCJ,폴란드
Loei Airport,로에이 공항,LOE,태국
Logan Cache Airport,로건 캐시 공항,LGU,미국
Logan International Airport,로건 국제 공항,BOS,미국
Logrono Agoncillo Airport,로그로뇨 아곤시요 공항,RJL,스페인
Loikaw Airport,로이카우 공항,LIW,미얀마
Loiyangalani Airport,로이양갈라니 공항,LOY,케냐
Lok Nayak Jayaprakash Airport,록 나약 자야프라카시 공항,PAT,인도
Lokichogio Airport,로키초지오 공항,LKG,케냐
Lokpriya Gopinath Bordoloi International Airport,록프리야 고피나트 보르돌로이 국제공항,GAU,인도
Lombok International Airport,롬복 국제 공항,LOP,인도네시아
Lome Tokoin Airport,로메 토코인 공항,LFW,토고
Lomlom Airport,롬롬 공항,LLM,솔로몬 제도
Lompoc Airport,롬폭 공항,LPC,미국
Loncopue Airport,롱코푸에 공항,LCP,아르헨티나
Londolozi Airport,론돌로지 공항,LDZ,남아프리카
London Biggin Hill Airport,런던 비긴힐 공항,BQH,영국
London City Airport,런던 시티 공항,LCY,영국
London Corbin Airport,런던 코빈 공항,LOZ,미국
London International Airport,런던 국제 공항,YXU,캐나다
London Southend Airport,런던 사우스엔드 공항,SEN,영국
London Stansted Airport,런던 스탠스테드 공항,STN,영국
Londrina Governador Jose Richa Airport,론드리나 고베르나도르 호세 리차 공항,LDB,브라질
Lone Star Executive Airport,론스타 이그제큐티브 공항,CXO,미국
Long Akah Airport,롱 아카 공항,LKH,말레이시아
Long Apung Airport,롱 아풍 공항,LPU,인도네시아
Long Banga Airport,롱 방가 공항,LBP,말레이시아
Long Beach Airport,롱비치 공항,LGB,미국
Long Island MacArthur Airport,롱 아일랜드 맥아더 공항,ISP,미국
Long Lellang Airport,롱렐랑 공항,LGL,말레이시아
Long Pasia Airport,롱 파시아 공항,GSA,말레이시아
Long Seridan Airport,롱세리단 공항,ODN,말레이시아
Longana Airport,롱가나 공항,LOD,바누아투
Longnan Chengzhou Airport,룽난 청저우 공항,LNL,중국
Longreach Airport,롱리치 공항,LRE,오스트레일리아
Longyan Guanzhishan Airport,룽옌 관지산 공항,LCX,중국
Lonorore Airport,로노로레 공항,LNE,바누아투
Lord Howe Island Airport,로드하우 아일랜드 공항,LDH,오스트레일리아
Loreto International Airport,로레토 국제 공항,LTO,멕시코
Lorient South Brittany Airport,로리앙 사우스 브리타니 공항,LRT,프랑스
Los Alamos County Airport,로스 알라모스 카운티 공항,LAM,미국
Los Angeles International Airport,로스 앤젤레스 국제 공항,LAX,미국
Los Cabos International Airport,로스 카보스 국제 공항,SJD,멕시코
Los Colonizadores Airport,로스 콜로니자도레스 공항,RVE,콜롬비아
Los Garzones Airport,로스 가조네스 공항,MTR,콜롬비아
Los Roques Airport,로스 로케스 공항,LRV,베네수엘라
Losinj Airport,로시니 공항,LSZ,크로아티아
Losuia Airport,로수이아 공항,LSA,파푸아뉴기니
Louang Namtha Airport,루앙 남타 공항,LXG,라오스
Louis Armstrong New Orleans International Airport,루이 암스트롱 뉴올리언스 국제공항,MSY,미국
Louisville Clark Regional Airport,루이빌 클라크 지역공항,n/a,미국
Louisville International Airport,루이빌 국제공항,SDF,미국
Lourdes de Blanc Sablon Airport,루르드 드 블랑 사블롱 공항,YBX,캐나다
Luanda Antonio Agostinho Neto International Airport,안토니오 아고스티뉴 네토 국제공항,NBJ,앙골라
Luang Prabang International Airport,루앙프라방 국제공항,LPQ,라오스
Luau Airport,루아우 공항,UAL,앙골라
Lubang Airport,루방 공항,LBX,필리핀
Lubango Mukanka Airport,루방고 무칸카 공항,SDD,앙골라
Lubbock Preston Smith International Airport,러벅 프레스턴 스미스 국제 공항,LBB,미국
Lublin Airport,루블린 공항,LUZ,폴란드
Lubumbashi International Airport,루붐바시 국제공항,FBM,콩고 민주공화국
Luena Airport,루에나 공항,LUO,앙골라
Lugano Airport,루가노 공항,LUG,스위스
Luhansk International Airport,루한스크 국제공항,VSG,우크라이나
Luis Munoz MarIn International Airport,루이스 무뇨스 마린 국제공항,SJU,푸에르토리코
Luiz dal Canalle Filho Airport,루이스 달 카날레 필류 공항,TOW,브라질
Lulea Airport,룰레오 공항,LLA,스웨덴
Lungi International Airport,룽기 국제공항,FNA,시에라리온
Luoyang Beijiao Airport,뤄양 베이자오 공항,LYA,중국
Luozi Airport,뤄쯔 공항,LZI,콩고 민주공화국
Lusambo Airport,루삼보 공항,LBO,콩고 민주공화국
Lusanga Airport,루상가 공항,LUS,콩고 민주공화국
Luton Airport,루턴 공항,LTN,영국
Lutselke Airport,루체케 공항,YSG,캐나다
Lutsk Airport,루츠크 공항,UCK,우크라이나
Luxembourg Findel Airport,룩셈부르크 핀델 공항,LUX,룩셈부르크
Luxor International Airport,룩소르 국제 공항,LXR,이집트
Luzhou Yunlong Airport,루저우 윈룽 공항,n/a,중국
Lviv Danylo Halytskyi International Airport,리비우 다닐로 할리츠키 국제공항,LWO,우크라이나
Lyall Harbour Seaplane Base,라이얼 하버 수상비행기 기지,YAJ,캐나다
Lycksele Airport,릭셀레 공항,LYC,스웨덴
Lydd Airport,리드 국제공항,LYX,영국
Lynchburg Regional Airport,린치버그 리저널 공항,LYH,미국
Lynden Pindling International Airport,린든 핀들링 국제 공항,NAS,바하마
Lynn Lake Airport,린 레이크 공항,YYL,캐나다
Lyon Bron Airport,리옹 브론 공항,LYN,프랑스
Lyon Saint Exupery Airport,리옹 생텍쥐페리 공항,LYS,프랑스
Lyudao Airport,류다오 공항,GNI,대만
M. R. stefanik Airport,브라티슬라바 공항,BTS,슬로바키아
Maafaru International Airport,마파루 국제공항,NMF,몰디브
Maasin Panan-awan Airport,마신 파난-아완 공항,n/a,필리핀
Maastricht Aachen Airport,마스트리흐트 아헨 공항,MST,네덜란드
Maavarulu Airport,마바룰루 공항,RUL,몰디브
Mabuiag Island Airport,마부이악 아일랜드 공항,UBB,오스트레일리아
Macagua Airport,마카과 공항,SFX,베네수엘라
Macau International Airport,마카오 국제 공항,MFM,마카오
Mackay Airport,맥케이 공항,MKY,오스트레일리아
Mactan Cebu International Airport,막탄 세부 국제공항,CEB,필리핀
Madang Airport,마당공항,MAG,파푸아뉴기니
Madeira Airport,마데이라 공항,FNC,포르투갈
Madivaru Airport,마디바루 공항,LMV,몰디브
Madrid Cuatro Vientos Airport,마드리드 쿠아트로 비엔토스 공항,n/a,스페인
Madrid Torrejon Airport,마드리드 토레혼 공항,TOJ,스페인
Madurai Airport,마두라이 공항,IXM,인도
Mae Hong Son Airport,매홍손 공항,HGN,태국
Mae Sot Airport,매솟 공항,MAQ,태국
Maestro Marinho Franco Airport,마에스트로 마리뉴 프랑코 에어포트 ,ROO,브라질
Maewo Naone Airport,매워 나오네 공항,MWF,바누아투
Mafeteng Airport,마페텡 공항,MFC,레소토
Mafia Airport,마피아 공항,MFA,탄자니아
Magan Airport,마간 공항,GYG,러시아
Magas Airport,마가스 공항,IGT,러시아
Magdeburg Cochstedt Airport,마그데부르크 코흐슈테트 공항,CSO,독일
Magic Valley Regional Airport,매직 밸리 지역 공항,TWF,미국
Magnitogorsk International Airport,마그니토고르스크 국제 공항,MQF,러시아
Magong Airport,마공 공항,MZG,대만
Magway Airport,마그웨이 공항,MWQ,미얀마
Maharana Pratap Airport,마하라나 프라탑 공항,UDR,인도
Mahikeng Airport,마히켕 공항,MBD,남아프리카
Mahshahr Airport,마흐샤르 공항,MRX,이란
Maiana Airport,마이아나 공항,MNK,키리바시
Maicao La Majayura Airport,마이카오 라 마자유라 공항,n/a,콜롬비아
Maiduguri International Airport,마이두구리 국제공항,MIU,나이지리아
Maimun Saleh Airport,마이문 살레 공항,SBG,인도네시아
Maintirano Airport,마인티라노 공항,MXT,마다가스카르
Maio Airport,마이오 공항,MMO,카보베르데
Majkin Airport,메이킨 공항,MJE,마샬 군도
Major Brigadeiro Trompowsky Airport,메이저 브리가데이로 트롬포프스키 공항,VAG,브라질
Makemo Airport,마케모 공항,MKP,프랑스령 폴리네시아
Makin Airport,마킨 공항,MTK,키리바시
Makkovik Airport,마코빅 공항,YMN,캐나다
Maku International Airport,마쿠 국제 공항,IMQ,이란
Makurdi Airport,마쿠르디 공항,MDI,나이지리아
Malabo International Airport,말라보 국제공항,SSG,적도 기니
Malacca International Airport,말라카 국제 공항,MKZ,말레이시아
Malaga Airport,말라가 공항,AGP,스페인
Malaita Manaoba Island Baenalu Airport,마나오바섬 바에날루 공항,MHM,솔로몬 제도
Malakal Airport,말라칼 공항,MAK,수단
Malanje Airport,말란제 공항,MEG,앙골라
Malatya Erhac Airport,말라티아 에르학 공항,MLX,터키
Malda Airport,말다 공항,LDA,인도
Malekoula Airport,말레쿨라 공항,LPM,바누아투
Maleo Airport,말레오 공항,MOH,인도네시아
Malikus Saleh Airport,말리쿠스 살레 공항,LSW,인도네시아
Malinau Robert Atty Bessing Airport,말리나우 로버트 애티 베싱 공항,LNU,인도네시아
Malindi Airport,말린디 공항,MYD,케냐
Mallam Aminu Kano International Airport,말람 아미누 카노 국제공항,KAN,나이지리아
Malm Airport,말뫼 공항,MMX,스웨덴
Maloelap Airport,말로엘랍 공항,MAV,마샬 군도
Malolo Lailai Airport,말롤로 라이라이 공항,PTF,피지
Malta Airport,몰타 공항,MLK,미국
Malta International Airport,몰타 국제 공항,MLA,몰타
Mamburao Airport,맘부라오 공항,MBO,필리핀
Mamitupu Airport,마미투푸 공항,MPI,파나마
Mammoth Yosemite Airport,맘모스 요세미티 공항,MMH,미국
Man Airport,맨 공항,MJC,코트디부아르
Man Maya Airport,만 마야 공항,n/a,네팔
Mana Island Airport,마나 아일랜드 공항,MNF,피지
Mananara Nord Airport,마나나라 노르드 공항,WMR,마다가스카르
Mananjary Airport,마난자리 공항,MNJ,마다가스카르
Manas International Airport,마나스 국제 공항,FRU,키르기스스탄
Manassas Regional Airport,매너서스 지역공항,MNZ,미국
Manaung Airport,마나웅 공항,MGU,미얀마
Manchester Airport,맨체스터 공항,MAN,영국
Manchester Boston Regional Airport,맨체스터 보스턴 공항,MHT,미국
Manda Airport,만다 공항,LAU,케냐
Mandalay International Airport,만달레이 국제 공항,MDL,미얀마
Mandera Airport,만데라 공항,NDE,케냐
Mandinga Airport,만딩가 공항,COG,콜롬비아
Mangaia Airport,망가이아 공항,MGS,쿡 군도
Mangalore Airport,망갈로르 공항,IXE,인도
Manhattan Regional Airport,맨해튼 공항,MHK,미국
Manhuacu Elias Breder Airport,마누아쿠 엘리아스 브레더 공항,JMA,브라질
Manicore Airport,마니코레 공항,MNX,브라질
Maniitsoq Airport,마니초크 공항,JSU,그린란드
Maningrida Airport,마닝리다 공항,MNG,오스트레일리아
Manistee County Blacker Airport,매니스티 카운티 블래커 공항,MBL,미국
Manitowoc County Airport,매니토웍 카운티 공항,MTW,미국
Manja Airport,만자 공항,MJA,마다가스카르
Mankato Regional Airport,맨케이토 지역 공항,MKT,미국
Manley Hot Springs Airport,맨리 핫 스프링스 공항,MLY,미국
Mannheim City Airport,만하임 시티 공항,MHG,독일
Mano Dayak International Airport,마노 다약 국제 공항,AJY,니제르
Manohar International Airport,마노하르 국제 공항,GOX,인도
Manokotak Airport,마노코탁 공항,KMO,미국
Manono Airport,마노노 공항,MNO,콩고 민주공화국
Mansa Airport,만사 공항,MNS,잠비아
MansFieldLahm Regional Airport,맨스필드 람 공항,MFD,미국
Mansons Landing Water Aerodrome,맨슨스 상륙 수상 비행장,YMU,캐나다
Manuel Carlos Piar Guayana Airport,마누엘 카를로스 피아르 과야나 공항,PZO,베네수엘라
Manuel Crescencio Rejon International Airport,마누엘 크레센시오 레혼 국제 공항,MID,멕시코
Manuel Marquez de Leon International Airport,마누엘 마르케스 데 레온 국제 공항,LAP,멕시코
Manuel Prado Ugarteche Airport,마누엘 프라도 우가르테체 공항,MZA,페루
Manzhouli Xijiao Airport,만주리 시자오 공항,NZH,중국
Maota Airport,마오타 공항,MXS,사모아
Maple Bay Seaplane Base,메이플 베이 수상 비행기 기지,YAQ,캐나다
Maprik Hayfield Airport,마프리크 헤이필드 공항,n/a,파푸아뉴기니
Maputo International Airport,마푸토 국제 공항,MPM,모잠비크
Mara North Airport,마라노스 공항,HKR,케냐
Mara Serena Airport,마라 세레나 공항,MRE,케냐
Maradi Airport,마라디 공항,MFQ,니제르
Marakei Airport,마라케이 공항,MZK,키리바시
Maratua Island Airport,마라투아섬 공항,n/a,인도네시아
Marau Airport,마라우 공항,RUS,솔로몬 제도
Mardin Airport,마르딘 공항,MQM,터키
Mare Airport,마레 공항,MEE,뉴칼레도니아
Marechal Cunha Machado International Airport,마레찰 쿠냐 마차도 국제공항,SLZ,브라질
Marechal Rondon International Airport,마레샬 론돈 국제공항,CGB,브라질
Mareeba Airfield,마레바 비행장,MRG,오스트레일리아
Margaret Ekpo International Airport,마가렛 에크포 국제공항,CBQ,나이지리아
Margate Airport,마게이트 공항,MGH,남아프리카
Maria Dolores Airport,마리아 돌로레스 공항,LSQ,칠레
MarIa Montez International Airport,마리아 몬테스 국제 공항,BRX,도미니카공화국
Maria Reiche Neuman Airport,마리아 라이헤 노이만 공항,n/a,페루
Mariana Grajales Airport,마리아나 그라할레스 공항,GAO,쿠바
Maribor Edvard Rusjan Airport,마리보르 에드바르드 루잔 공항,MBX,슬로베니아
Mariehamn Airport,마리에함 공항,MHQ,핀란드
Marina di Campo Airport,마리나 디 캄포 공항,EBA,이탈리아
Marinda Airport,마린다 공항,RJM,인도네시아
Marinduque Airport,마린두케 공항,MRQ,필리핀
Marine Corps Air Station Iwakuni,해병대 비행장 이와쿠니,IWK,일본
Mario de Almeida Franco Airport,마리오 데 알메이다 프랑코 공항,UBA,브라질
Mario Pereira Lopes Airport,마리오 페레이라 로페스 공항,QSC,브라질
Marion Municipal Airport,매리언 공항,MNN,미국
Mariscal Lamar International Airport,마리스칼 라마르 국제공항,CUE,에콰도르
Mariscal Sucre Airport,마리스칼 수크레 공항,MYC,베네수엘라
Mariscal Sucre International Airport,마리스칼 수크레 국제 공항,UIO,에콰도르
Mariupol International Airport,마리우폴 국제 공항,MPW,우크라이나
Markovo Airport,마르코보 공항,KVM,러시아
Marmul Airport,마르물 공항,OMM,오만
Maroantsetra Airport,마로안세트라 공항,WMN,마다가스카르
Marrakesh Menara Airport,마라케시 메나라 공항,RAK,모로코
Marsa Alam International Airport,마르사 알람 국제 공항,RMF,이집트
Marsa Matruh International Airport,마르사 마트루 국제공항,MUH,이집트
Marseille Provence Airport,마르세유 프로방스 공항,MRS,프랑스
Marsh Harbour Airport,마시 하버 공항,MHH,바하마
Marshall Don Hunter Sr. Airport,마샬 돈 헌터 시니어 공항,MLL,미국
Marshall Islands International Airport,마셜 제도 국제공항,MAJ,마샬 군도
Martha's Vineyard Airport,마사스 빈야드 공항,MVY,미국
MartIn Miguel de Gemes International Airport,마르틴 미겔 데 구에메스 국제 공항,SLA,아르헨티나
Martin State Airport,마틴 스테이트 공항,MTN,미국
Martinique Aime Cesaire International Airport,마르티니크 에메 세자르 국제 공항,FDF,마르티니크
Marudi Airport,마루디 공항,MUR,말레이시아
Mary International Airport,메리 국제 공항,MYP,투르크메니스탄
Mary's Harbour Airport,메리스 하버 공항,YMH,캐나다
Mashhad International Airport,마슈하드 국제공항,MHD,이란
Mason City Municipal Airport,메이슨 시티 공항,MCW,미국
Massawa International Airport,마사와 국제 공항,MSW,에리트레아
Massena International Airport,마세나 국제공항,MSS,미국
Masset Airport,마세트 공항,ZMT,캐나다
Matadi Tshimpi Airport,마타디 침피 공항,MAT,콩고 민주공화국
Matahora Airport,마타호라 공항,WNI,인도네시아
Mataiva Airport,마타이바 공항,MVT,프랑스령 폴리네시아
Matak Airport,마탁 공항,MWK,인도네시아
Matari Airport,마타리 공항,IRP,콩고 민주공화국
Mataveri International Airport,마타베리 국제공항,IPC,칠레
Matecana International Airport,마테카냐 국제공항,PEI,콜롬비아
Matei Airport,마테이 공항,TVU,피지
Mati Airport,마티 공항,MXI,필리핀
Matsapha Airport,매츠파 공항,MTS,에스와티니
Matsu Beigan Airport,마쓰베이간 공항,MFK,대만
Matsu Nangan Airport,마쓰 난간 공항,LZN,대만
Matsumoto Airport,마츠모토 공항,MMJ,일본
Matsuyama Airport,마쓰야마 공항,MYJ,일본
Mattala Rajapaksa International Airport,마탈라 라자팍사 국제공항,HRI,스리랑카
Matthew Spain Airport,매튜 스페인 공항,SQS,벨리즈
Mau Hau Airport,마우하우 공항,WGP,인도네시아
Mauke Airport,마우케 공항,MUK,쿡 군도
Maun Airport,마운 공항,MUB,보츠와나
Maupiti Airport,마우피티 공항,MAU,프랑스령 폴리네시아
Maurice Bishop International Airport,모리스 비숍 국제 공항,GND,그라나다
Mawella Lagoon Seaplane Base,마웰라 라군 수상비행기 기지,DIW,스리랑카
Mawlamyaing Airport,마울라먀잉 공항,MNU,미얀마
Maya Maya Airport,마야 마야 공항,BZV,콩고
Mayaguana Airport,마야과나 공항,MYG,바하마
Maymana Airport,마이마나 공항,MMZ,아프가니스탄
Mayne Island Water Aerodrome,메이네 아일랜드 수상비행장,YAV,캐나다
Mayo Airport,메이요 공항,YMA,캐나다
Mayor Buenaventura Vivas Airport,시장 부에나벤투라 비바스 공항,STD,베네수엘라
Mayor General FAP Armando Revoredo Iglesias Airport,메이저 제네랄 FAP 아르만도 로베레도 이글레시아스 공항,CJA,페루
Mazamari Airport,마자마리 공항,n/a,페루
Mazar e Sharif International Airport,마자르에 샤리프 국제공항,MZR,아프가니스탄
Mbala Airport,음발라 공항,MMQ,잠비아
Mbandaka Airport,음반다카 공항,MDK,콩고 민주공화국
Mbanza Congo Airport,음반자 콩고 공항,SSY,앙골라
Mbeya Airport,음베야 공항,MBI,탄자니아
Mbeya Songwe Airport,음베야 송웨 공항,n/a,탄자니아
MBS International Airport,MBS 국제공항,MBS,미국
Mbuji Mayi Airport,음부지 마이 공항,MJM,콩고 민주공화국
McAllen Miller International Airport,매캘런 밀러 국제 공항,MFE,미국
McArthur River Mine Airport,맥아더 리버 마인 공항,MCV,오스트레일리아
McChord Field,맥코드 필드,TCM,미국
McClellan Palomar Airport,매클렐런 팔로마 공항,CLD,미국
McCook Ben Nelson Regional Airport,맥쿡 벤 넬슨 공항,MCK,미국
McGhee Tyson Airport,맥기 타이슨 공항,TYS,미국
McGrath Airport,맥그래스 공항,MCG,미국
McGuire Air Force Base,맥과이어 공군기지,WRI,미국
McKellar Sipes Regional Airport,맥켈러 사이프스 공항,MKL,미국
McKinney National Airport,매키니 국립공항,n/a,미국
McNary Field,맥네리 필드,SLE,미국
Meadows FieldAirport,메도우즈 필드 공항,BFL,미국
Mecheria Airport,메체리아 공항,MZW,알제리
Medan Polonia Airport,메단 폴로니아 공항,MES,인도네시아
Medicine Hat Airport,메디신햇 공항,YXH,캐나다
Medina Airport,메디나 공항,MND,콜롬비아
Meekatharra Airport,미카타라 공항,MKR,오스트레일리아
Meerut Bheem Rao Ambedkar Airport,미루트 비헴 라오 암베드카르 공항,n/a,인도
Meghauli Airport,메가울리 공항,MEY,네팔
Mehamn Airport,메함 공항,MEH,노르웨이
Mehrabad International Airport,메흐라바드 국제 공항,THR,이란
Meixian Airport,메이셴 공항,MXZ,중국
Mejit Airport,메짓 공항,MJB,마샬 군도
Mekoryuk Airport,메코류크 공항,MYU,미국
Melangguane Airport,멜랑구아니 공항,MNA,인도네시아
Melbourne Airport,멜버른 공항,MEL,오스트레일리아
Melbourne Orlando International Airport,멜버른 올랜도 국제 공항,MLB,미국
Melilla Airport,멜리야 공항,MLN,스페인
Melo Cerro Largo International Airport,멜로 세로 라르고 국제공항,MLZ,우루과이
Memanbetsu Airport,메만베쓰 공항,MMB,일본
Memmingen Airport,메밍겐 공항,FMM,독일
Memorial FieldAirport,메모리얼필드 공항,HOT,미국
Memphis International Airport,멤피스 국제 공항,MEM,미국
Mendi Airport,멘디 공항,MDU,파푸아뉴기니
Menongue Airport,메농그 공항,SPP,앙골라
Menorca Airport,메노르카 공항,MAH,스페인
Merced Regional Airport,머세드 지역공항,MCE,미국
Mercedita Airport,메르세디타 공항,PSE,푸에르토리코
Meridian Regional Airport,메리디언 지역공항,MEI,미국
Merimbula Airport,메림불라 공항,MIM,오스트레일리아
Merle K. (Mudhole) Smith Airport,멀 K. 스미스 공항,CDV,미국
Merowe Airport,메로웨 공항,MWE,수단
Mestia Queen Tamar Airport,메스티아 퀸 타마르 공항,n/a,조지아
Metlakatla Seaplane Base,메틀라카틀라 수상비행기 기지,MTM,미국
Metz Nancy Lorraine Airport,메스 낭시 로렌 공항,ETZ,프랑스
Mexico City International Airport,멕시코 시티 국제 공항,MEX,멕시코
Meyers Chuck Seaplane Base ,마이어스 척 수상 비행기 기지,WMK,미국
Mfuwe Airport,음푸웨 공항,MFU,잠비아
Miami International Airport,마이애미 국제 공항,MIA,미국
Miami Opa Locka Executive Airport,마이애미 오파 로카 이그제큐티브 공항,OPF,미국
Miami Seaplane Base ,마이애미 수상비행기 기지,MPB,미국
Miangas Airport,미앙가스 공항,n/a,인도네시아
Mianyang Nanjiao Airport,몐양 난자오 공항,MIG,중국
Michel Pouliot Gaspe Airport,미셸 풀리오 가스페 공항,YGP,캐나다
Mid Delta Regional Airport,미드델타 공항,GLH,미국
Mid Ohio Valley Regional Airport,미드 오하이오 밸리 공항,PKB,미국
MidAmerica St. Louis Airport,미드아메리카 세인트루이스 공항,BLV,미국
Middle Georgia Regional Airport,미들조지아 공항,MCN,미국
Middlemount Airport,미들마운트 공항,MMM,오스트레일리아
Midland International Air and Space Port,미들랜드 국제 항공 우주 항구,MAF,미국
Midway International Airport,미드웨이 국제 공항,MDW,미국
Migalovo Air Base,미갈로보 공군기지,KLD,러시아
Mihail Kogalniceanu International Airport,미하일 코갈니체아누 국제공항,CND,루마니아
Miho Yonago Airport,미호 요나고 공항,YGJ,일본
Milan Malpensa Airport,밀라노 말펜사 공항,MXP,이탈리아
Milas Bodrum Airport,밀라스 보드룸 공항,BJV,터키
Mildura Airport,밀두라 공항,MQL,오스트레일리아
Miles Airport,마일즈 공항,WLE,오스트레일리아
Miles City Airport,마일스 시티 공항,MLS,미국
Mili Airport,밀리 공항,MIJ,마샬 군도
Milingimbi Airport,밀링김비 공항,MGT,오스트레일리아
Milos Island National Airport,밀로스 아일랜드 내셔널 공항,MLO,그리스
Milwaukee Mitchell International Airport,밀워키 미첼 국제 공항,MKE,미국
Minami Daito Airport,미나미다이토 공항,MMD,일본
Minangkabau International Airport,미낭카바우 국제공항,PDG,인도네시아
Minatitlan/Coatzacoalcos International Airport,미나티틀란/코아차코알코스 국제공항,MTT,멕시코
Mineralnye Vody Airport,미네랄니에 보디 공항,MRV,러시아
Ministro Pistarini International Airport,미니스트로 피스타리니 국제공항,EZE,아르헨티나
Minna Airport,민나 공항,MXJ,나이지리아
Minneapolis Saint Paul International Airport,미니애폴리스 세인트폴 국제공항,MSP,미국
Minot International Airport,미놋 국제 공항,MOT,미국
Minsk National Airport,민스크 국립 공항,MSQ,벨라루시
Minto Al Wright Airport,민토 알 라이트 공항,MNT,미국
Miri Airport,미리 공항,MYY,말레이시아
MiritI Parana Airport,미리티 파라나 공항,MIX,콜롬비아
Mirny Airport,미르니 공항,MJZ,러시아
Misawa Airport,미사와공항,MSJ,일본
Misima Island Airport,미시마 아일랜드 공항,MIS,파푸아뉴기니
Misrata Airport,미스라타 공항,MRA,리비아
Missoula International Airport,미줄라 국제 공항,MSO,미국
Mitchell Municipal Airport,미첼 공항,MHE,미국
Mitiaro Airport,미티아로 공항,MOI,쿡 군도
Mitiga International Airport,미티가 국제 공항,MJI,리비아
Miyakejima Airport,미야케지마 공항,MYE,일본
Miyako Airport,미야코 공항,MMY,일본
Miyazaki Airport,미야자키 공항,KMI,일본
Mkuze Airport,음쿠제 공항,MZQ,남아프리카
Mnchengladbach Airport,묀헨글라트바흐 공항,MGL,독일
Mnster Osnabrck Airport,뮌스터 오스나브뤼크 공항,FMO,독일
Moala Airport,모알라 공항,MFJ,피지
Moanda Airport,모안다 공항,MFF,가봉
Mobile Downtown Airport,모빌 다운타운 공항,BFM,미국
Mobile Regional Airport,모빌 공항,MOB,미국
MocImboa da Praia Airport,모킴보아드프라이아 공항,MZB,모잠비크
Mocopulli Airport,모코풀리 공항,MHC,칠레
Modesto City County Airport,모데스토 시티 카운티 공항,MOD,미국
Moenjodaro Airport,모엔조다로 공항,MJD,파키스탄
Mogilev Airport,모길레프 공항,MVQ,벨라루시
Mohamed Boudiaf International Airport,모하메드 부디아프 국제 공항,CZL,알제리
Mohammed V International Airport,모하메드 V 국제공항,CMN,모로코
Mohe Gulian Airport,모헤 굴리안 공항,OHE,중국
Moheli Bandar Es Eslam Airport,모헬리 반다르에스에스에스슬람 공항,NWA,코모로
Moi International Airport,모이 국제 공항,MBA,케냐
MoiRana Airport,모이나라 공항,MQN,노르웨이
Moises R. Espinosa Airport,모이세스 R. 에스피노사 공항,MBT,필리핀
Mojave Air and Space Port,모하비 항공 우주 항구,MHV,미국
Molde Airport,몰데 공항,MOL,노르웨이
Molokai Airport,몰로카이 공항,MKK,미국
Moma Airport,모마 공항,MQJ,러시아
Momote Airport,모모테 공항,MAS,파푸아뉴기니
Monastir Habib Bourguiba International Airport,모나스티르 하비브 부르기바 국제공항,MIR,튀니지
Monbetsu Airport,몬베쓰 공항,MBE,일본
Monghsat Airport,몽삿 공항,MOG,미얀마
Mongu Airport,몬구 공항,MNR,잠비아
Monkey Bay Airport,몽키 베이 공항,MYZ,말라위
Mono Airport,모노 공항,MNY,솔로몬 제도
Monroe County Airport,먼로 카운티 공항,BMG,미국
Monroe Regional Airport,먼로 공항,MLU,미국
Monsenor oscar Arnulfo Romero International Airport,몬세뇨르 오스카르 아르눌포 로메로 국제공항,SAL,엘살바드로
Mont Joli Airport,몽졸리 공항,YYY,캐나다
Mont Tremblant International Airport,몽트랑블랑 국제공항,YTM,캐나다
Montague Harbour Water Aerodrome,몬태규 하버 수상 비행장,YMF,캐나다
Montauk Airport,몬턱 공항,MTP,미국
Monte Carlo Heliport,몬테카를로 헬리포트,MCM,모나코
Monteagudo Airport,몬테아구도 공항,MHW,볼리비아
MontelIbano Airport,몬테리바노 공항,MTB,콜롬비아
Monterey Regional Airport,몬터레이 공항,MRY,미국
Montes Claros/Mario Ribeiro Airport,몬테스 클라로스/마리오 리베이루 공항,MOC,브라질
Montevideo Melilla Airport,몬테비데오 멜리야 공항,n/a,우루과이
Montgomery Regional Airport,몽고메리 지역공항,MGM,미국
Monticello Regional Airport,몬티첼로 공항,MXO,미국
Montijo Air Base,몬티조 공군기지,n/a,포르투갈
Montpellier Mediterranee Airport,몽펠리에 메디테라네 공항,MPL,프랑스
Montreal Mirabel International Airport,몬트리올 미라벨 국제공항,YMX,캐나다
Montreal Trudeau International Airport,몬트리올 트뤼도 국제공항,YUL,캐나다
Montreal/Saint Hubert Airport,몬트리올/생 위베르 공항,YHU,캐나다
Montrose Regional Airport,몬트로즈 공항,MTJ,미국
Monywa Airport,모니와 공항,NYW,미얀마
Moomba Airport,뭄바 공항,MOO,오스트레일리아
Moorabbin Airport,무라빈 공항,MBW,오스트레일리아
Moore County Airport,무어 카운티 공항,SOP,미국
Moorea Airport,무레아 공항,MOZ,프랑스령 폴리네시아
Moosonee Airport,무소니 공항,YMO,캐나다
Mopah Airport,모파 공항,MKQ,인도네시아
Mopti Airport,몹티 공항,MZI,말리
Mora Siljan Airport,모라 실리안 공항,MXX,스웨덴
Moradabad Mundha Pande Airport,모라다바드 문다 판데 공항,MZS,인도
Morafenobe Airport,모라페노베 공항,TVA,마다가스카르
Moranbah Airport,모란바 공항,MOV,오스트레일리아
Morava Airport,모라바 공항,KVO,세르비아
Moree Airport,모리 공항,MRZ,오스트레일리아
Morgantown Municipal Airport,모건타운 뮤니시펄 공항,MGW,미국
Morlaix Ploujean Airport,모를레,MXN,프랑스
Mornington Island Airport,모닝턴 아일랜드 공항,ONG,오스트레일리아
Moro Airport,모로 공항,MXH,파푸아뉴기니
Morombe Airport,모롬베 공항,MXM,마다가스카르
Morondava Airport,모론다바 공항,MOQ,마다가스카르
Morristown Municipal Airport,모리스타운 공항,MMU,미국
Morrisville Stowe State Airport,모리스빌 스토 스테이트 공항,MVL,미국
Morro de Sao Paulo Airport,모로 데 상파울루 공항,MXQ,브라질
Moruya Airport,모루야 공항,MYA,오스트레일리아
Moser Bay Seaplane Base,모저 베이 수상비행기 기지,KMY,미국
Moshi Airport,모시 공항,n/a,탄자니아
Moshoeshoe International Airport,모슈슈 국제공항,MSU,레소토
Mosjoen Airport,모쇼엔 공항,MJF,노르웨이
Moss Airport,모스 공항,RYG,노르웨이
Mostar Airport,모스타르 공항,OMO,보스니아 헤르체고비나
Mosul International Airport,모술 국제공항,OSM,이라크
Mota Lava Airport,모타 라바 공항,MTV,바누아투
Moulay Ali Cherif Airport,물레이 알리 체리프 공항,ERH,모로코
Moundou Airport,마운두 공항,MQQ,차드
Mount Gambier Airport,마운트 갬비어 공항,MGB,오스트레일리아
Mount Gordon Airport,마운트 고든 공항,GPD,오스트레일리아
Mount Hagen Airport,마운트 하겐 공항,HGU,파푸아뉴기니
Mount Hotham Airport,마운트 호담 공항,MHU,오스트레일리아
Mount Isa Airport,마운트 이사 공항,ISA,오스트레일리아
Mount Keith Airport,마운트 키스 공항,WME,오스트레일리아
Mount Magnet Airport,마운트 마그넷 공항,MMG,오스트레일리아
Mountain Home Air Force Base,마운틴 홈 공군 기지,MUO,미국
Mountain Village Airport,마운틴 빌리지 공항,MOU,미국
Moyo Airport,모요 공항,OYG,우간다
Mozes Kilangin Airport,모제스 킬랑긴 공항,TIM,인도네시아
Mpanda Airport,음판다 공항,NPY,탄자니아
Mrn Airport,뫼뢴 공항,MXV,몽골
Mthatha Airport,음타타 공항,UTT,남아프리카
Mtwara Airport,음트와라 공항,MYW,탄자니아
Muan International Airport,무안 국제공항,MWX,대한민국
Muanda Airport,무안다 공항,MNB,콩고 민주공화국
Muara Bungo Airport,무아라 분고 공항,BUU,인도네시아
Muara Teweh Haji Muhammad Sidik Airport,무하마드 시딕 공항,HMS,인도네시아
Mudanjiang Hailang Airport,무단장 공항,MDG,중국
Mudgee Airport,머지 공항,DGE,오스트레일리아
Mukah Airport,무카 공항,MKM,말레이시아
Mukhaizna Airport,무카이즈나 공항,UKH,오만
Mukomuko Airport,무코무코 공항,MPC,인도네시아
Mulatupo Airport,물라투포 공항,MPP,파나마
Mulika Lodge Airport,물리카 로지 에어포트,JJM,케냐
Multan International Airport,물탄 국제 공항,MUX,파키스탄
Mulu Airport,물루 공항,MZV,말레이시아
Mumbai Juhu Airport,뭄바이 주후 공항,n/a,인도
Munda Airport,문다 공항,MUA,솔로몬 제도
Mundo Maya International Airport,문도 마야 국제 공항,FRS,과테말라
Mundra Adani Airport,문드라 아다니 공항,n/a,인도
Munich Airport,뮌헨 공항,MUC,독일
Murcia San Javier Airport,무르시아 산 하비에르 공항,MJV,스페인
Murmansk Airport,무르만스크 공항,MMK,러시아
Murray Island Airport,머레이 아일랜드 공항,MYI,오스트레일리아
Murtala Muhammed International Airport,무르탈라 모하메드 국제공항,LOS,나이지리아
Mururoa Airport,무루로아 공항,UOA,프랑스령 폴리네시아
MuS Airport,무슈 공항,MSR,터키
Muscat International Airport,무스카트 국제 공항,MCT,오만
Musiara Airport,무시아라 공항,MDR,케냐
Muskegon County Airport,머스키건 카운티 공항,MKG,미국
Muskoka Airport,무스코카 공항,YQA,캐나다
Muskrat Dam Airport,머스크랫 댐 공항,MSA,캐나다
Musoma Airport,무소마 공항,MUZ,탄자니아
Mutare Grand Reef Airport,무타레 그랜드 리프 공항,n/a,짐바브웨
Mutiara Airport,무티아라 공항,PLW,인도네시아
Muzaffarabad Airport,무자파라바드 공항,n/a,파키스탄
Muzaffarpur Airport,무자파르푸르 공항,MZU,인도
Mvuu Camp Airport,음부우 캠프 공항,VUU,말라위
Mwanza Airport,므완자 공항,MWZ,탄자니아
Myeik Airport,미익 공항,MGZ,미얀마
Myitkyina Airport,미트키나 공항,MYT,미얀마
Mykolaiv International Airport,미콜라이우 국제 공항,NLV,우크라이나
Mykonos Island National Airport,미코노스 아일랜드 국립 공항,JMK,그리스
Myrtle Beach International Airport,머틀 비치 국제 공항,MYR,미국
Mys Kamenny Airport,미스 카메니 공항,YMK,러시아
Mysore Airport,마이소르 공항,MYQ,인도
Mytilene International Airport,미틸레네 국제 공항,MJT,그리스
Mzuzu Airport,음주주 공항,ZZU,말라위
Na San Airport,나센 공항,SQH,베트남
Nabire Airport,나비레 공항,NBX,인도네시아
Nacala Airport,나칼라 공항,MNC,모잠비크
Nadi International Airport,난디 국제 공항,NAN,피지
Nador International Airport,나도르 국제 공항,NDR,모로코
Nadym Airport,나딤 공항,NYM,러시아
NAF El Centro,해군항공시설 엘 센트로,NJK,미국
Naga Airport,나가 공항,WNP,필리핀
Nagasaki Airport,나가사키 공항,NGS,일본
Nagoya AirField,나고야 비행장,NKM,일본
Naha Airport,나하 공항,NAH,인도네시아
Naha Airport,나하 공항,OKA,일본
Nain Airport,나인 공항,YDP,캐나다
Najran Domestic Airport,나즈란 국내선 공항,EAM,사우디아라비아
Nakashibetsu Airport,나카시베쓰 공항,SHB,일본
Nakhchivan International Airport,나흐치반 국제공항,NAJ,아제르바이잔
Nakhon Phanom Airport,나콘파놈 공항,KOP,태국
Nakhon Ratchasima Airport,나콘랏차시마 공항,NAK,태국
Nakhon Si Thammarat Airport,나콘시탐마랏 공항,NST,태국
Nakina Airport,나키나 공항,YQN,캐나다
Nakuru Airport,나쿠루 공항,NUU,케냐
Nal Airport,날 공항,BKB,인도
Nalchik Airport,날치크 공항,NAL,러시아
Namangan Airport,나망간 공항,NMA,우즈베키스탄
Namibe Welwitschia Mirabilis Airport,웰위치아 미라빌리스 공항,MSZ,앙골라
Namlea Airport,남리 공항,NAM,인도네시아
Namorik Airport,나모릭 공항,NDK,마샬 군도
Nampula Airport,남풀라 공항,APL,모잠비크
Namrole Airport,남롤 공항,NRE,인도네시아
Namsos Airport Hoknesora,남소스 공항,OSY,노르웨이
Nan Nakhon Airport,난나콘 공항,NNT,태국
Nanaimo Airport,나나이모 공항,YCD,캐나다
Nanaimo Harbour Water Airport,나나이모 하버 워터 공항,ZNA,캐나다
Nanchang Changbei International Airport,난창 창베이 국제공항,KHN,중국
Nanchong Gaoping Airport,난충 가오핑 공항,NAO,중국
Nanisivik Airport,나니시비크 공항,YSR,캐나다
Nanjing Lukou International Airport,난징 루커우 국제공항,NKG,중국
Nanki Shirahama Airport,난키 시라하마 공항,SHM,일본
Nanning Wuxu International Airport,난닝 우수 국제공항,NNG,중국
Nanortalik Airport,나노르탈릭 공항,JNN,그린란드
Nansang Airport,난상공항,NMS,미얀마
Nantes Atlantique Airport,낭트 아틀란티크 공항,NTE,프랑스
Nantong Xingdong Airport,난퉁 싱둥 공항,NTG,중국
Nantucket Memorial Airport,낸터컷 메모리얼 공항,ACK,미국
Nanwalek Airport,난왈렉 공항,KEB,미국
Nanyang Jiangying Airport,난양 장잉 공항,NNY,중국
Nanyuki Airport,난유키 공항,NYK,케냐
Napa County Airport,나파 카운티 공항,APC,미국
Napakiak Airport,나파키악 공항,WNA,미국
Napaskiak Airport,나파스키악 공항,PKA,미국
Naples International Airport,나폴리 국제 공항,NAP,이탈리아
Naples Municipal Airport,나폴리 공항,APF,미국
Napuka Airport,나푸카 공항,NAU,프랑스령 폴리네시아
Naracoorte Airport,나라쿠르테 공항,NAC,오스트레일리아
Narathiwat Airport,나라티왓 공항,NAW,태국
Narimanovo Airport,나리마노보 공항,ASF,러시아
Narita International Airport,나리타 국제공항,NRT,일본
Narrabri Airport,나라브리 공항,NAA,오스트레일리아
Narrandera Airport,나란데라 공항,NRA,오스트레일리아
Narsarsuaq Airport,나르사수아크 공항,UAK,그린란드
Narvik Airport Framnes,나르비크 공항 프람네스,NVK,노르웨이
Naryan Mar Airport,나리안 마르 공항,NNM,러시아
Naryn Airport,나린 공항,n/a,키르기스스탄
NAS Pensacola ,해군항공기지 펜사콜라,NPA,미국
Nashville International Airport,내슈빌 국제 공항,BNA,미국
Nashville John C. Tune Airport,존 C. 튠 공항,n/a,미국
Nasiriyah Airport,나시리야 공항,XNH,이라크
Natashquan Airport,나타슈콴 공항,YNA,캐나다
Natchez Adams County Airport,나체즈 애덤스 카운티 공항,HEZ,미국
Nathong Airport,나통 공항,NEU,라오스
Natuashish Airport,나투아시시 공항,YNP,캐나다
Naukati Bay Seaplane Base,나우카티 베이 수상비행기 기지,NKI,미국
Nauru International Airport,나우루 국제 공항,INU,나우루
Nausori International Airport,나우소리 국제공항,SUV,피지
Naval Air Station Sigonella,해군 비행장 시고넬라,NSY,이탈리아
Navegantes Ministro Victor Konder International Airport,나베간테스 미니스트로 빅토르 콘데르 국제공항,NVT,브라질
Navoiy International Airport,나보이 국제공항,NVI,우즈베키스탄
Nawabshah Airport,나와브샤 공항,WNS,파키스탄
Naxos Island National Airport,낙소스 아일랜드 공항,JNX,그리스
Naypyidaw Airport,네피도 공항,NYT,미얀마
Ndende Airport,은덴데 공항,KDN,가봉
N'Djamena International Airport,은자메나 국제공항,NDJ,차드
N'djili Airport,은질리 공항,FIH,콩고 민주공화국
N'Dolo Airport,은돌로 공항,NLO,콩고 민주공화국
Nea Anchialos National Airport,네아 안키알로스 공항,VOL,그리스
Necochea Airport,네코체아 공항,NEC,아르헨티나
Negril Aerodrome,네그릴 비행장,NEG,자메이카
Nekemte Airport,네켐테 공항,NEK,이디오피아
Nellis Air Force Base,넬리스 공군기지,LSV,미국
Nelson Airport,넬슨 공항,NSN,뉴질랜드
Nelson Lagoon Airport,넬슨 라군 공항,NLG,미국
Nelson Mandela International Airport,넬슨 만델라 국제 공항,RAI,카보베르데
Nema Airport,네마 공항,EMN,모리타니아
Nemiscau Airport,네미스카우 공항,YNS,캐나다
Neom Bay Airport,네옴 베이 공항,NUM,사우디아라비아
Nepalgunj Airport,네팔군지 공항,KEP,네팔
Nerlerit Inaat Airport,네를레리트 이나트 공항,CNP,그린란드
Netaji Subhas Chandra Bose International Airport,네타지 수바스 찬드라 보스 국제공항,CCU,인도
Neubrandenburg Airport,노이브란덴부르크 공항,FNB,독일
NevSehir Kapadokya Airport,네브셰히르 카파도키아 공항,NAV,터키
New Ahwaz Airport,뉴 아와즈 공항,n/a,이란
New Bedford Regional Airport,뉴 베드퍼드 공항,EWB,미국
New Bight Airport,뉴 바이트 공항,TBI,바하마
New Braunfels National Airport,뉴브라운펠스 국립공항,n/a,미국
New Century AirCenter ,뉴 센추리 에어센터,JCI,미국
New Chitose Airport,신치토세 공항,CTS,일본
New Ekiti Airport,뉴 에키티 공항,n/a,나이지리아
New Gwadar Airport,뉴 과다르 공항,n/a,파키스탄
New Ishigaki Airport,신이시가키 공항,ISG,일본
New Lisbon Airport,뉴 리스본(몬티조) 공항,n/a,포르투갈
New Madrid Airport,뉴 마드리드 공항,n/a,스페인
New Mentawai Airport,뉴 멘타와이 공항,n/a,인도네시아
New Plymouth Airport,뉴 플리머스 공항,NPL,뉴질랜드
New Stuyahok Airport,뉴 스투야혹 공항,KNW,미국
New Tanegashima Airport,신다네가시마 공항,TNE,일본
Newark Liberty International Airport,뉴어크 리버티 국제공항,EWR,미국
Newcastle Airport,뉴캐슬 공항,NCL,영국
Newcastle Airport,뉴캐슬 공항,NCS,남아프리카
Newcastle Airport,뉴캐슬 공항,NTL,오스트레일리아
Newman Airport,뉴먼 공항,ZNE,오스트레일리아
Newport Municipal Airport,뉴포트 공항,ONP,미국
Newport News/Williamsburg International Airport,뉴포트뉴스/윌리엄스버그 국제공항,PHF,미국
Newport State Airport,뉴포트 스테이트 공항,NPT,미국
Newquay Airport,뉴키 공항,NQY,영국
Newtok Airport,뉴톡 공항,WWT,미국
Ngala Airfield,응갈라 비행장,NGL,남아프리카
Ngaoundere Airport,나운데레 공항,NGE,카메룬
Ngari Gunsa Airport,응가리쿤샤 공항,NGQ,중국
Ngloram Airport,응글로람 공항,CPF,인도네시아
Ngurah Rai International Airport,응우라라이 국제공항,DPS,인도네시아
Niagara Falls International Airport,나이아가라 폭포 국제 공항,IAG,미국
Niamtougou International Airport,니암터우구 국제공항,LRL,토고
Niau Airport,니아우 공항,NIU,프랑스령 폴리네시아
Nice Cote d'Azur Airport,니스 코트다쥐르 공항,NCE,프랑스
Nifty Airport,니프티 공항,NIF,오스트레일리아
Nightmute Airport,나이트뮤트 공항,NME,미국
Niigata Airport,니가타 공항,KIJ,일본
Nikolai Airport,니콜라이 공항,NIB,미국
Nikolayevsk on Amur Airport,니콜라예프스크 온 아무르 공항,NLI,러시아
Nikolski Air Station,니콜스키 비행장,IKO,미국
Nikunau Airport,니쿠나우 공항,NIG,키리바시
Nimes Ales Camargue Cevennes Airport,님알레스 카마르그 세벤느 공항,FNI,프랑스
Ningbo Lishe International Airport,닝보 리서 국제공항,NGB,중국
Ninglang Luguhu Airport,닝랑 루구후 공항,NLH,중국
Ninoy Aquino International Airport,니노이 아키노 국제공항,MNL,필리핀
Nis Constantine the Great Airport,니시 콘스탄티누스 대왕 공항,INI,세르비아
Niuafo'ou Airport,니우아포우 공항,NFO,통가
Niuatoputapu Airport,니우아토푸타푸 공항,NTT,통가
Niue International Airport,니우에 국제공항,IUE,니우에
Nizhneangarsk Airport,니즈네안가르스크 공항,n/a,러시아
Nizhnevartovsk Airport,니즈네바르토프스크 공항,NJC,러시아
Nizhny Novgorod International Airport,니즈니 노브고로드 국제공항,GOJ,러시아
Njombe Airport,은좀베 공항,JOM,탄자니아
Nkolo Fuma Airport,은콜로 푸마 공항,NKL,콩고 민주공화국
Nnamdi Azikiwe International Airport,남디 아지키웨 국제공항,ABV,나이지리아
Noatak Airport,노아탁 공항,WTK,미국
Nogales International Airport,노갈레스 국제 공항,NOG,멕시코
Nogliki Airport,노글리키 공항,NGK,러시아
Noi Bai International Airport,노이바이 국제공항,HAN,베트남
Noida International Airport,노이다 국제공항,DXN,인도
Nome Airport,놈 공항,OME,미국
Nondalton Airport,논달튼 공항,NNL,미국
Nong Khang Airport,농캉 공항,n/a,라오스
Nonouti Airport,노노우티 공항,NON,키리바시
Nop Goliat Dekai Airport,놉 골리앗 데카이 공항,DEX,인도네시아
Nora Aliqatchialuk Ruben Airport,노라 알리카치알루크 루벤 공항,YPC,캐나다
Norderney Airfield,노르데니 비행장,NRD,독일
Norfolk International Airport,노퍽 국제 공항,ORF,미국
Norfolk Island Airport,노퍽 아일랜드 공항,NLK,노퍽섬(오스트레일리아)
Norman Manley International Airport,노먼 맨리 국제 공항,KIN,자메이카
Norman Wells Airport,노먼 웰스 공항,YVQ,캐나다
Normanton Airport,노먼턴 공항,NTN,오스트레일리아
Norrkping Airport,노르셰핑 공항,NRK,스웨덴
Norsup Airport,노르섭 공항,NUS,바누아투
North Battleford Airport,노스배틀포드 공항,YQW,캐나다
North Bay/Jack Garland Airport,노스 베이/잭 갈랜드 공항,YYB,캐나다
North Caicos Airport,노스 케이커스 공항,NCA,터크스케이커스 제도
North Central West Virginia Airport,노스 센트럴 웨스트 버지니아 공항,CKB,미국
North Dakota Bowman County Airport,노스다코타 보우먼 카운티 공항,n/a,미국
North Eleuthera Airport,노스 엘레우테라 공항,ELH,바하마
North Perry Airport,노스 페리 공항,HWO,미국
North Platte Regional Airport,노스플랫 지역공항,LBF,미국
North Ronaldsay Airport,노스 로날드세이 공항,NRL,영국
North Seaplane Base,북쪽 수상비행기 기지,NSB,바하마
North Spirit Lake Airport,노스 스피릿 레이크 공항,YNO,캐나다
North Whale Seaplane Base ,노스 웨일 수상비행기 기지,WWP,미국
Northeast Florida Regional Airport,노스이스트 플로리다 지역공항,UST,미국
Northern Maine Regional Airportat Presque Isle,프레스크 아일 노던 메인 공항,PQI,미국
Northern Peninsula Airport,노던 페닌슐라 공항,ABM,오스트레일리아
Northern Rockies Regional Airport,노던 로키스 공항,YYE,캐나다
Northway Airport,노스웨이 공항,ORT,미국
Northwest Alabama Regional Airport,노스웨스트 앨라배마 공항,MSL,미국
Northwest Arkansas Regional Airport,노스웨스트 아칸소 공항,XNA,미국
Northwest Florida Beaches International Airport,노스웨스트 플로리다 비치 국제공항,ECP,미국
Northwest Regional Airport,노스웨스트 공항,YXT,캐나다
Norway House Airport,노르웨이 하우스 공항,YNE,캐나다
Norwich International Airport,노리치 국제 공항,NWI,영국
Norwood Memorial Airport,노우드 메모리얼 공항,OWD,미국
Nosara Airport,노사라 공항,NOB,코스타리카
Noshahr Airport,노샤르 공항,NSH,이란
Noto Airport,노토 공항,NTQ,일본
Notodden Airport Tuven,노토덴 공항,NTB,노르웨이
Notohadinegoro Airport,노토하디네고로 공항,JBB,인도네시아
Nouadhibou International Airport,누아디부 국제공항,NDB,모리타니아
Nouakchott Oumtounsy International Airport,누악쇼트 움툰시 국제공항,NKC,모리타니아
Noumea Magenta Airport,누메아 마젠타 공항,GEA,뉴칼레도니아
Noumerat Moufdi Zakaria Airport,누메라트 무프디 자카리아 공항,GHA,알제리
Novi Sad Airport,노비사드 공항,n/a,세르비아
Novosibirsk Belokurikha Airport,노보시비르스크 벨로쿠리하 공항,n/a,러시아
Novy Urengoy Airport,노비 우렝고이 공항,NUX,러시아
Noyabrsk Airport,노야브르스크 공항,NOJ,러시아
NTR Amaravati International Airport,비쟈와와다 공항,VGA,인도
Nueva Hesperides International Airport,누에바 헤스페리데스 국제 공항,STY,우루과이
Nuiqsut Airport,누이크수트 공항,NUI,미국
Nuku Hiva Airport,누쿠 히바 공항,NHV,프랑스령 폴리네시아
Nukus Airport,누쿠스 공항,NCU,우즈베키스탄
Nukutavake Airport,누쿠타바케 공항,NUK,프랑스령 폴리네시아
Nukutepipi Airport,누쿠테피피 공항,NKP,프랑스령 폴리네시아
Nulato Airport,눌라토 공항,NUL,미국
Nunapitchuk Airport,누나피추크 공항,NUP,미국
Nunukan Airport,누누칸 공항,NNX,인도네시아
Nuremberg Airport,뉘른베르크 공항,NUE,독일
Nursultan Nazarbayev International Airport,누르술탄 나자르바예프 국제공항,NQZ,카자흐스탄
Nusatupe Airport,누사투페 공항,GZO,솔로몬 제도
Nuuk Airport,누크 공항,GOH,그린란드
Nyagan Airport,냐간 공항,NYA,러시아
Nyala Airport,니얄라 공항,UYL,수단
Nyaung U Airport,낭우 공항,NYU,미얀마
Nyingchi Mainling Airport,닝치 마인링 공항,LZY,중국
Nyurba Airport,뉘르바 공항,NYR,러시아
O. R. Tambo International Airport,OR 탐보 국제공항,JNB,남아프리카
Oakland County International Airport,오클랜드 카운티 국제 공항,PTK,미국
Oakland International Airport,오클랜드 국제 공항,OAK,미국
Oban Airport,오반 공항,OBN,영국
Obando Airport,오반도 공항,PDA,콜롬비아
Oberpfaffenhofen Airport,오베르파펜호펜 공항,OBF,독일
Obo Airport,오보 공항,OBX,파푸아뉴기니
Ocala International Airport,오칼라 국제공항,OCF,미국
Ocean Falls Water Aerodrome,오션 폴스 수상 비행장,ZOF,캐나다
Ocean Reef Club Airport,오션 리프 클럽 공항,OCA,미국
Oceanside Municipal Airport,오션사이드 시립공항,n/a,미국
Odate Noshiro Airport,오다테 노시로 공항,ONJ,일본
Odesa International Airport,오데사 국제 공항,ODS,우크라이나
Odienne Airport,오디엔네 공항,KEO,코트디부아르
Oecusse Airport,오에쿠세 공항,OEC,동티모르
Oesman Sadik Airport,오스만 사디크 공항,LAH,인도네시아
Offutt Air Force Base,오펏 공군기지,OFF,미국
Ofu Airport,오푸 공항,OFU,아메리칸 사모아
Ogden Hinckley Airport,오그덴 힝클리 공항,OGD,미국
Ogdensburg International Airport,오그덴스버그 국제 공항,OGS,미국
Ogle Airport,오글 공항,OGL,가이아나
Ogoki Post Airport,오고키 유초 공항,YOG,캐나다
O'Hare International Airport,오헤어 국제공항,ORD,미국
Ohio State University Airport,오하이오 주립대학교 공항,OSU,미국
"Ohrid ""St. Paul the Apostle"" Airport","오흐리드 ""성 바오로 사도"" 공항",OHD,마케도니아
Oita Airport,오이타 공항,OIT,일본
Okadama Airport,오카다마 공항,OKD,일본
Okayama Airport,오카야마 공항,OKJ,일본
Okha Airport,오카 공항,OHH,러시아
Okhotsk Airport,오호츠크 공항,OHO,러시아
Oki Airport,오키 공항,OKI,일본
Okinoerabu Airport,오키노에라부 공항,OKE,일본
Okushiri Airport,오쿠시리 공항,OIR,일본
Ol Seki Airport,올 세키 공항,OSJ,케냐
Olare Orok Airport,올라레 오로크 공항,OLG,케냐
Olaya Herrera Airport,올라야 헤레라 공항,EOH,콜롬비아
Olbia Costa Smeralda Airport,올비아 코스타 스메랄다 공항,OLB,이탈리아
Old Crow Airport,올드 크로우 공항,YOC,캐나다
Olenyok Airport,올레뇽 공항,ONK,러시아
Olga Bay Seaplane Base,올가 베이 수상비행기 기지,KOY,미국
Olgii Airport,욀기 공항,ULG,몽골
Olive Branch Airport,올리브 브랜치 공항,OLV,미국
Olkiombo Airstrip,올키옴보 활주로,OLX,케냐
Olpoi Airport,올포이 공항,OLJ,바누아투
Olsztyn Mazury Regional Airport,올슈틴 마주리 공항,SZY,폴란드
Olympic Dam Airport,올림픽 댐 공항,OLP,오스트레일리아
Olyokminsk Airport,올료민스크 공항,OLZ,러시아
Ometepe La Paloma Airport,오메테페 라 팔로마 공항,n/a,니카라과
Omsk Tsentralny Airport,옴스크 첸트랄니 공항,OMS,러시아
Ondjiva Pereira Airport,온지바 페레이라 공항,VPE,앙골라
O'Neill Municipal Airport,오닐 뮤니시펄 공항,ONL,미국
Ononge Airport,오농게 공항,ONB,파푸아뉴기니
Onotoa Airport,오토아 공항,OOT,키리바시
Onslow Airport,온슬로 공항,ONS,오스트레일리아
Ontario International Airport,온타리오 국제 공항,ONT,미국
Oradea International Airport,오라데아 국제 공항,OMR,루마니아
Oral Ak Zhol Airport,오랄 악 졸 공항,URA,카자흐스탄
Oran Airport,오란 공항,ORA,아르헨티나
Oran Es Senia Airport,오란 에스 세니아 공항,ORN,알제리
Orange Airport,오렌지 공항,OAG,오스트레일리아
Orange Walk Airport,오렌지 워크 공항,ORZ,벨리즈
Oranjemund Airport,오랑제문트 공항,OMD,나미비아
Orcas Island Airport,오르카스 아일랜드 공항,ESD,미국
Ordos Ejin Horo Airport,오르도스 에진 호로 공항,DSN,중국
Ordu Giresun Airport,오르두 기레순 공항,OGU,터키
Orebro Airport,외레브로 공항,ORB,스웨덴
Orenburg Tsentralny Airport,오렌부르크 첸트랄니 공항,REN,러시아
Orestes Acosta Airport,오레스테스 아코스타 공항,MOA,쿠바
orland Airport,외를란트 공항,OLA,노르웨이
Orlando Executive Airport,올랜도 이그제큐티브 공항,ORL,미국
Orlando International Airport,올랜도 국제 공항,MCO,미국
Orlando Sanford International Airport,올랜도 샌포드 국제 공항,SFB,미국
Orly Airport,오를리 공항,ORY,프랑스
Ormoc Airport,오르모크 공항,OMC,필리핀
Ornskldsvik Airport,외른셸스비크 공항,OER,스웨덴
Oro Negro Airport,오로 네그로 공항,CBS,베네수엘라
Orsk Airport,오르스크 공항,OSW,러시아
orsta Volda Airport Hovden,호프덴 공항,HOV,노르웨이
Oryol Yuzhny Airport,오룔 유즈니 공항,OEL,러시아
Osaka International Airport,오사카 국제공항,ITM,일본
Osaka Yao Airport,오사카 야오 공항,n/a,일본
Osborne Mine Airport,오스본 광산 공항,OSO,오스트레일리아
Oscar Machado Zuloaga Airport,오스카 마차도 줄로아가 공항,n/a,베네수엘라
Oscoda Wurtsmith Airport,오스코다 워트스미스 공항,OSC,미국
Osh Airport,오쉬 공항,OSS,키르기스스탄
Oshima Airport,오시마 공항,OIM,일본
Osijek Airport,오시예크 공항,OSI,크로아티아
Oskarshamn Airport,오스카르스함 공항,OSK,스웨덴
Oskemen Airport,오스케멘 공항,UKK,카자흐스탄
Oslo Airport Gardermoen,오슬로 공항 가르데르모엔,OSL,노르웨이
Osmanabad Airport,오스마나바드 공항,n/a,인도
Osmani International Airport,오스마니 국제 공항,ZYL,방글라데시
Ossora Airport,오소라 공항,n/a,러시아
Ostafyevo International Airport,오스타피예보 국제공항,OSF,러시아
Ostend Bruges International Airport,오스스텐드 브뤼헤 국제공항,OST,벨기에
Osvaldo Vieira International Airport,오스발도 비에이라 국제 공항,OXB,기니비사우
Oswaldo Guevara Mujica Airport,오스왈도 게바라 무히카 공항,AGV,베네수엘라
Ottawa International Airport,오타와 국제공항,YOW,캐나다
Otto Vor Airport,오토 보르 공항,OTO,미국
Ouagadougou Airport,와가두구 공항,OUA,부르키나 파소
Ouanaham Airport,와나함 공항,LIF,뉴칼레도니아
Ouango Fitini Airport,우앙고 피티니 공항,OFI,코트디부아르
Ouani Airport,우아니 공항,AJN,코모로
Ouarzazate Airport,와르자자테 공항,OZZ,모로코
Oudomsay Airport,우돔사이 공항,ODY,라오스
Oued Irara Krim Belkacem Airport,우에드 이라라 크림 벨카젬 공항,HME,알제리
Oulu Airport,오울루 공항,OUL,핀란드
Ouro Sogui Airport,오우로 소구이 공항,MAX,세네갈
Out Skerries Airport,아웃스케리스 공항,OUK,영국
Ouvea Airport,우베아 공항,UVE,뉴칼레도니아
Ouzinkie Airport,우징키 공항,KOZ,미국
Owen Roberts International Airport,오웬 로버츠 국제 공항,GCM,케이멘제도
Owensboro Daviess County Airport,오웬스보로 데이비스 카운티 공항,OWB,미국
Oxford Airport,옥스퍼드 공항,OXF,영국
Oxford House Airport,옥스퍼드 하우스 공항,YOH,캐나다
Oyem Airport,오옘 공항,OYE,가봉
Oyo Ollombo Airport,오요 올롬보 공항,OLL,콩고
Ozar Airport,오자르 공항,ISK,인도
Ozernaya Airport,오제르나야 공항,n/a,러시아
Paama Airport,파마 공항,PBJ,바누아투
Paamiut Airport,파미우트 공항,JFR,그린란드
Paderborn Lippstadt Airport,파더본 립슈타트 공항,PAD,독일
Padre Aldamiz International Airport,파드레 알다미즈 국제공항,PEM,페루
Pagadian Airport,파가디안 공항,PAG,필리핀
Page Field,페이지 필드,FMY,미국
Page Municipal Airport,페이지 공항,PGA,미국
Pago Pago International Airport,파고파고 국제공항,PPG,아메리칸 사모아
Pai Airport,빠이 공항,PYY,태국
Paine FieldAirport,페인 필드 공항,PAE,미국
Painter Creek Airport,페인터 크릭 공항,PCE,미국
Pajala Airport,파잘라 공항,PJA,스웨덴
Pajas Blancas Airport,파자스 블랑카스 공항,COR,아르헨티나
Pakokku Airport,파코쿠 공항,n/a,미얀마
Pakse International Airport,빡쎄 국제공항,PKZ,라오스
Pakuba Airfield,파쿠바 비행장,PAF,우간다
Pakyong Airport,박용 공항,PYG,인도
Palana Airport,팔라나 공항,n/a,러시아
Palanan Isabella Airport,팔라난 이사벨라 공항,n/a,필리핀
Palanga International Airport,팔랑가 국제 공항,PLQ,리투아니아
Palavi Palaviya Airport,팔라비 팔라비야 공항,n/a,스리랑카
Palenque International Airport,팔렝케 국제공항,PQM,멕시코
Palm Beach International Airport,팜 비치 국제 공항,PBI,미국
Palm Island Airport,팜 아일랜드 공항,PMK,오스트레일리아
Palm Springs International Airport,팜스프링스 국제공항,PSP,미국
Palma Airport,팔마 공항,LMZ,모잠비크
Palma de Mallorca Airport,팔마 데 마요르카 공항,PMI,스페인
Palma de Mallorca Son Bonet Airport,팔마 데 마요르카 손 보네트 공항,SBO,스페인
Palmar Sur Airport,팔마르 수르 공항,PMZ,코스타리카
Palmas Brigadeiro Lysias Rodrigues Airport,팔마스 브리가데이로 리시아스 로드리게스 공항,PMW,브라질
Palmerston North Airport,파머스톤 노스 공항,PMR,뉴질랜드
Palo Alto Airport,팔로 알토 공항,PAO,미국
Paloich Airport,팔로이치 공항,n/a,수단
Palonegro International Airport,팔로 네그로 공항,BGA,콜롬비아
Palopo Lagaligo Airport,팔로포 라갈리고 공항,LLO,인도네시아
Pampa Guanaco Airport,팜파 과나코 공항,DPB,칠레
Pamplona Airport,팜플로나 공항,PNA,스페인
Panama PacIfico International Airport,파나마 파시피코 국제공항,BLB,파나마
Pangborn Memorial Airport,팽본 메모리얼 공항,EAT,미국
Pangkor Airport,팡코르 공항,PKG,말레이시아
Pangnirtung Airport,팡니르퉁 공항,YXP,캐나다
Pangsuma Airport,팡수마 공항,PSU,인도네시아
Panguilemo Airport,팡길레모 공항,TLX,칠레
Panjang Island Airport,판장섬 공항,PPJ,인도네시아
Panjgur Airport,판즈구르 공항,PJG,파키스탄
Pantelleria Airport,판텔레리아 공항,PNL,이탈리아
Pantnagar Airport,판트나가르 공항,PGH,인도
Panzhihua Bao'anying Airport,판즈화 바오안잉 공항,PZI,중국
Papa Stour Airstrip,파파 스투르 활주로,PSV,영국
Papa Westray Airport,파파 웨스트레이 공항,PPW,영국
Paphos International Airport,파 포스 국제 공항,PFO,키프러스
Paraburdoo Airport,파라버두 공항,PBO,오스트레일리아
Parakou Airport,파라커우 공항,PKO,베냉
Paramillo Airport,파라미요 공항,SCI,베네수엘라
Parasi Airport,파라시 공항,PRS,솔로몬 제도
Pardubice Airport,파르두비체 공항,PED,체코
Paris Le Bourget Airport,파리 르 부르제 공항,LBG,프랑스
Parkes Airport,파크스 공항,PKE,오스트레일리아
Parma Airport,파르마 공항,PMF,이탈리아
ParnaIba Prefeito Dr. Joao Silva Filho International Airport,파르나이바 프레페이토 박사 주앙 실바 필류 국제공항,PHB,브라질
PArnu Airport,페르누 공항,EPU,에스토니아
Paro International Airport,파로 국제 공항,PBH,부탄
Paros National Airport,파로스 내셔널 공항,PAS,그리스
Parsabad Moghan Airport,파르사바드 모간 공항,PFQ,이란
Pasighat Airport,파시가트 공항,IXT,인도
Pasni Airport,파스니 공항,PSI,파키스탄
Pathankot Airport,파탄코트 공항,IXP,인도
Pathein Airport,파테인 공항,BSX,미얀마
Patos Airport,파토스 공항,JPO,브라질
Patos de Minas Airport,파토스 데 미나스 공항,POJ,브라질
Patrocinio Airport,파트로시니오 공항,n/a,브라질
Pattimura Airport,파티무라 공항,AMQ,인도네시아
Pau Pyrenees Airport,포 피레네 공항,PUF,프랑스
Paulo Afonso Airport,파울루 아폰소 공항,PAV,브라질
Pavlodar Airport,파블로다르 공항,PWQ,카자흐스탄
Payam International Airport,파얌 국제공항,PYK,이란
Payerne Airport,페이에른 공항,VIP,스위스
Pays d'Ancenis Airport,안세니스 공항,n/a,프랑스
Peace River Airport,피스 리버 공항,YPE,캐나다
Peawanuck Airport,피와넉 공항,YPO,캐나다
Pechora Airport,페초라 공항,PEX,러시아
Pecs Pogany Airport,페치스 포가니 공항,PEV,헝가리
PedasI Airport,페다시 공항,PDM,파나마
Pedro Bay Airport,페드로 베이 공항,PDB,미국
Pelican Seaplane Base,펠리컨 수상비행기 기지,PEC,미국
Pellston Regional Airport,펠스턴 리저널 공항,PLN,미국
Pemba Airport,펨바 공항,PMA,탄자니아
Pemba Airport,펨바 공항,POL,모잠비크
Pembina Municipal Airport,펨비나 공항,PMB,미국
Pembrey West Wales Airport,펨브리 웨스트 웨일즈 공항,n/a,영국
Penajam Airport,페나잠 공항,n/a,인도네시아
Penang International Airport,페낭 국제 공항,PEN,말레이시아
Pensacola International Airport,펜사콜라 국제 공항,PNS,미국
Penticton Regional Airport,펜틱턴 공항,YYF,캐나다
Penza Airport,펜자 공항,PEZ,러시아
Perales Airport,페랄레스 공항,IBE,콜롬비아
Perigueux Bassillac Airport,베리괴바시악 공항,PGX,프랑스
Perito Moreno Airport,페리토 모레노 공항,PMQ,아르헨티나
Perm International Airport,페름 국제공항,PEE,러시아
Perpignan Rivesaltes Airport,페르피냥 리브잘트 공항,PGF,프랑스
Perryville Airport,페리빌 공항,KPV,미국
Persian Gulf Airport,페르시아 걸프 공항,PGU,이란
Perth Airport,퍼스 공항,PER,오스트레일리아
Peter Zuze Air Force Base,피터 주즈 공군기지,n/a,잠비아
Peterborough Airport,피터버러 공항,YPQ,캐나다
Petersburg James A. Johnson Airport,피터스버그 제임스 A. 존슨 공항,PSG,미국
Petropavl Airport,페트로파블 공항,PPK,카자흐스탄
Petropavlovsk Kamchatsky Airport,페트로파블로프스크 캄차츠키 공항,PKC,러시아
Petrozavodsk Airport,페트로자보츠크 공항,PES,러시아
Pevek Airport,페벡 공항,PWE,러시아
Phaplu Airport,파플루 공항,PPL,네팔
Phetchabun Airport,펫차분 공항,PHY,태국
Philadelphia International Airport,필라델피아 국제 공항,PHL,미국
Philip S. W. Goldson International Airport,필립 SW 골드슨 국제 공항,BZE,벨리즈
Phitsanulok Airport,핏사눌록 공항,PHS,태국
Phnom Penh International Airport,프놈펜 국제 공항,PNH,캄보디아
Phoenix Deer Valley Airport,피닉스 디어 밸리 공항,DVT,미국
Phoenix Goodyear Airport,피닉스 굿이어 공항,GYR,미국
Phoenix Mesa Gateway Airport,피닉스메사 게이트웨이 공항,AZA,미국
Phoenix Sky Harbor International Airport,피닉스 스카이 하버 국제 공항,PHX,미국
Phrae Airport,프래 공항,PRH,태국
Phu Bai International Airport,푸바이 국제공항,HUI,베트남
Phu Cat Airport,푸캇 공항,UIH,베트남
Phu Quoc International Airport,푸꾸옥 국제공항,PQC,베트남
Phuket International Airport,푸켓 국제 공항,HKT,태국
Piarco International Airport,피아코 국제 공항,POS,트리니다드토바고
Pichoy Airport,피쵸이 공항,ZAL,칠레
Pickle Lake Airport,피클 레이크 공항,YPL,캐나다
Pico Airport,피코 공항,PIX,포르투갈
Picton Aerodrome,픽턴 비행장,n/a,뉴질랜드
Piedmont Triad International Airport,피드몬트 트라이어드 국제 공항,GSO,미국
Piedras Negras International Airport,피에드라스 네그라스 국제공항,PDS,멕시코
Pierre Regional Airport,피에르 공항,PIR,미국
Pierrefonds Airport,피에르퐁 공항,ZSE,리유니온
Piestany Airport,피에슈하니 공항,PZY,슬로바키아
Pietermaritzburg Airport,피터마리츠버그 공항,PZB,남아프리카
Pikangikum Airport,피캉기쿰 공항,YPM,캐나다
Pike County Airport,파이크 카운티 공항,PVL,미국
Pilanesberg International Airport,필라네스버그 국제 공항,NTY,남아프리카
Pilot Station Airport,파일럿 스테이션 공항,PQS,미국
Piloto Civil Norberto Fernandez International Airport,필로토 시빌 노르베르토 페르난데스 국제공항,RGL,아르헨티나
Pinal Airpark,피날 에어파크,MZJ,미국
Pinang Kampai Airport,피낭 캄파이 공항,DUM,인도네시아
Pingtung South Airport,핑둥남공항,PIF,대만
Pinto Martins Fortaleza International Airport,핀토 마틴스 포르탈레자 국제공항,FOR,브라질
Pisa International Airport,피사 국제 공항,PSA,이탈리아
Pithoragarh Airport,피토라가르 공항,n/a,인도
Pitt Greenville Airport,피트 그린빌 공항,PGV,미국
Pittsburgh International Airport,피츠버그 국제 공항,PIT,미국
PittsFieldMunicipal Airport,피츠필드 공항,PSF,미국
Pitu Airport,피투 공항,OTI,인도네시아
Pituffik Space Base,피투픽 우주 기지,THU,그린란드
Placencia Airport,플라센시아 공항,PLJ,벨리즈
Placido de Castro International Airport,플라시도 데 카스트로 국제공항,RBR,브라질
Plaine Corail Airport,플레인 코레일 공항,RRG,모리셔스
Plan de Guadalupe International Airport,플랜 드 과달루페 국제공항,SLW,멕시코
Plastun Airport,플라툰 공항,TLY,러시아
Platinum Airport,플래티넘 공항,PTU,미국
Platov International Airport,플라토프 국제 공항,ROV,러시아
Plattsburgh International Airport,플래츠버그 국제 공항,PBG,미국
Playa Baracoa Airport,플라야 바라코아 공항,UPB,쿠바
Playa de Oro International Airport,플라야 데 오로 국제 공항,ZLO,멕시코
Playon Chico Airport,플라욘 치코 공항,PYC,파나마
Pleiku Airport,플레이쿠 공항,PXU,베트남
Plettenberg Bay Airport,플레텐버그 베이 공항,PBZ,남아프리카
PlInio Alarcom Airport,플리니우 알라콤 공항,TJL,브라질
Plovdiv Airport,플로브디프 공항,PDV,불가리아
Plymouth City Airport,플리머스 시티 공항,PLH,영국
Plymouth Municipal Airport,플리머스 공항,PYM,미국
Pobedilovo Airport,포베딜로보 공항,KVX,러시아
Pocatello Regional Airport,포커텔로 공항,PIH,미국
Podgorica Airport,포드고리차 공항,TGD,몬테네그로
Podkamennaya Tunguska Airport,포드카멘나야 퉁구스카 공항,TGP,러시아
Podor Airport,포도르 공항,POD,세네갈
Pogogul Airport,포고굴 공항,UOL,인도네시아
Pohang Airport,포항공항,KPO,대한민국
Pohnpei International Airport,폰페이 국제공항,PNI,미크로네시아연방
Point Baker Seaplane Base,포인트 베이커 수상비행기 기지,KPB,미국
Point Hope Airport,포인트 호프 공항,PHO,미국
Point Lay LRRS Airport,포인트 레이 LRRS 공항,PIZ,미국
Pointe Noire Airport,푸앵트 누아르 공항,PNR,콩고
Pointe Vele Airport,포인트 벨레 공항,FUT,월리스푸투나
PointeaPitre International Airport,푸앵타피트르 국제공항,PTP,과달루페
Points North Landing Airport,포인트 노스 랜딩 공항,YNL,캐나다
Poitiers Biard Airport,푸아티에 비아르 공항,PIS,프랑스
Pokhara Airport,포카라 공항,PKR,네팔
Pokhara International Airport,포카라 국제공항,PHH,네팔
Polgolla Reservoir Seaplane Base,폴골라 저수지 수상비행기 기지,KDZ,스리랑카
Polokwane International Airport,폴로콰네 국제 공항,PTG,남아프리카
Poltava Airport,폴타바 공항,PLV,우크라이나
Polyarny Airport,폴리아르니 공항,PYJ,러시아
Ponciano Arriaga International Airport,폰치아노 아리아가 국제공항,SLP,멕시코
Pond Inlet Airport,폰드 인렛 공항,YIO,캐나다
Pondok Cabe Airport,폰독 카베 공항,PCB,인도네시아
Ponta Pora International Airport,폰타 포랑 국제 공항,PMG,브라질
Pontoise Cormeilles Aerodrome,퐁투아즈 코르메이유 비행장,POX,프랑스
Poplar Hill Airport,포플러 힐 공항,YHP,캐나다
Poprad Tatry Airport,포프라드 타트리 공항,TAT,슬로바키아
Porbandar Airport,포르반다르 공항,PBD,인도
Pori Airport,포리 공항,POR,핀란드
Port Alsworth Airport,포트 알스워스 공항,PTA,미국
Port Augusta Airport,포트 오거스타 공항,PUG,오스트레일리아
Port Bailey Seaplane Base,포트 베일리 수상비행기 기지,KPY,미국
Port Clarence Coast Guard Station,포트 클래런스 해안 경비대 기지,KPC,미국
Port de Paix Airport,포르드페 공항,PAX,아이티
Port Gentil International Airport,포르장틸 국제공항,POG,가봉
Port Graham Airport,포트 그레이엄 공항,PGM,미국
Port Harcourt City Airport,포트하코트 시티 공항,PHG,나이지리아
Port Harcourt International Airport,포트하커트 국제공항,PHC,나이지리아
Port Hardy Airport,포트 하디 공항,YZT,캐나다
Port Hedland International Airport,포트헤드랜드 국제공항,PHE,오스트레일리아
Port Heiden Airport,포트 하이덴 공항,PTH,미국
Port Hope Simpson Airport,포트 호프 심슨 공항,YHA,캐나다
Port Lincoln Airport,포트 링컨 공항,PLO,오스트레일리아
Port Lions Airport,포트 라이언스 공항,ORI,미국
Port Macquarie Airport,포트 맥쿼리 공항,PQQ,오스트레일리아
Port McNeill Airport,포트 맥닐 공항,YMP,캐나다
Port Menier Airport,포트 메니에 공항,YPN,캐나다
Port Moller Airport,포트 몰러 공항,PML,미국
Port Protection Seaplane Base ,항구 보호 수상 비행기 기지,PPV,미국
Port Said Airport,포트 사이드 공항,PSD,이집트
Port Sudan New International Airport,포트 수단 신국제 공항,PZU,수단
Port Williams Seaplane Base,포트 윌리엄스 수상비행기 기지,KPR,미국
Portage la Prairie Southport Airport,포티지 라 프레리/사우스포트 공항,YPG,캐나다
Portage Municipal Airport,포티지 시립 공항,n/a,미국
Portimao Airport,포르티망 공항,PRM,포르투갈
Portland Airport,포틀랜드 공항,PTJ,오스트레일리아
Portland International Airport,포틀랜드 국제 공항,PDX,미국
Portland International Jetport,포틀랜드 국제공항제트포트,PWM,미국
Porto Murtinho Airport,포르투 무르티뉴 공항,n/a,브라질
Porto Santo Airport,포르토 산투 공항,PXO,포르투갈
Porto Seguro Airport,포르토 세구로 공항,BPS,브라질
Porto Trombetas Airport,포르토 트롬베타스 공항,TMT,브라질
PortoroZ Airport,포르토로지 공항,POW,슬로베니아
Portsmouth International Airportat Pease,피스 포츠머스 국제공항,PSM,미국
Postville Airport,포스트빌 공항,YSO,캐나다
Pouso Alegre Airport,포우소 알레그레 공항,PPY,브라질
Powell River Airport,파월 리버 공항,YPW,캐나다
Poznan Lawica Airport,포즈난 와비차 공항,POZ,폴란드
Praslin Island Airport,프랄린 아일랜드 공항,PRI,세이셸
Prefeito Octavio de Almeida Neves Airport,프레페이토 옥타비오 데 알메이다 네베스 공항,JDR,브라질
Preguica Airport,프레기사 공항,SNE,카보베르데
Prempeh I International Airport,프렘페 1세 국제공항,KMS,가나
Preobrazheniye Airport,프레오브라제니예 공항,RZH,러시아
Prerov Airport,프르제로프 공항,PRV,체코
Pres. Gral. oscar D. Gestido International Airport,리베라 국제공항,RVY,우루과이
President Obiang Nguema International Airport,프레지던트 오비앙 응게마 국제공항,GEM,적도 기니
Presidente Carlos Ibanez del Campo International Airport,프레지덴테 카를로스 이바녜스 델 캄포 국제공항,PUQ,칠레
Presidente Castro Pinto International Airport,프레지덴테 카스트로 핀토 국제 공항,JPA,브라질
Presidente Itamar Franco Airport,프레지덴테 이타마르 프랑코 공항,IZA,브라질
Presidente Joao Figueiredo Airport,프레지덴테 주앙 피게이레도 공항,OPS,브라질
Presidente Nicolau Lobato International Airport,프레지덴테 니콜라우 로바토 국제공항,DIL,동티모르
Presidente Peron International Airport,프레지덴테 페론 국제 공항,NQN,아르헨티나
Presidente Prudente Airport,프레지덴테 프루뎅테 공항,PPB,브라질
Prijedor Urije Airport,프리예도르 우리제 공항,n/a,보스니아 헤르체고비나
Prince Abdul Majeed bin Abdulaziz Domestic Airport,프린스 압둘 마지드 빈 압둘아지즈 국내선 공항,ULH,사우디아라비아
Prince Albert Airport,프린스 알버트,YPA,캐나다
Prince George Airport,프린스 조지 공항,YXS,캐나다
Prince Mohammad bin Abdulaziz Airport,프린스 모하마드 빈 압둘아지즈 공항,MED,사우디아라비아
Prince Nayef bin Abdulaziz Regional Airport,프린스 나예프 빈 압둘아지즈 공항,ELQ,사우디아라비아
Prince Rupert Airport,프린스 루퍼트 공항,YPR,캐나다
Prince Said Ibrahim International Airport,프린스 사이드 이브라힘 국제 공항,HAH,코모로
Princess Juliana International Airport,프린세스 줄리아나 국제 공항,SXM,네덜란드령 세인터마틴
PrIncipe Airport,프린시페 공항,PCP,상투메프린시페
Pristina International AirportAdem Jashari,프리슈티나 국제공항아뎀 자샤리,PRN,세르비아
Prof. Eribelto Manoel Reino State Airport,에리벨토 마노엘 레이노 주립 공항교수,SJP,브라질
Professor Urbano Ernesto Stumpf Airport,우르바노 에르네스토 스텀프 공항교수,SJK,브라질
Prominent Hill Airport,저명한 힐 공항,PXH,오스트레일리아
Providenciales International Airport,프로비덴시알레스 국제 공항,PLS,터크스케이커스 제도
Provideniya Bay Airport,프로비데니야 베이 공항,PVS,러시아
Provincetown Municipal Airport,프로빈스타운 공항,PVC,미국
Provo Municipal Airport,프로보 공항,PVU,미국
Pskov Airport,프스코프 공항,PKV,러시아
PT Badak Bontang Airport,PT 바다본탕공항,BXT,인도네시아
Pucon Airport,푸콘 공항,ZPC,칠레
Puducherry Airport,푸두체리 공항,PNY,인도
Pueblo Memorial Airport,푸에블로 메모리얼 공항,PUB,미국
Pu'er Simao Airport,푸얼시마오 공항,SYM,중국
Puerto Barrios Airport,푸에르토 바리오스 공항,PBR,과테말라
Puerto Cabezas Airport,푸에르토 카베사스 공항,PUZ,니카라과
Puerto Deseado Airport,푸에르토 데세아도 공항,PUD,아르헨티나
Puerto Escondido International Airport,푸에르토 에스콘디도 국제 공항,PXM,멕시코
Puerto Jimenez Airport,푸에르토 히메네스 공항,PJM,코스타리카
Puerto Lempira Airport,푸에르토 렘피라 공항,PEU,온두라스
Puerto Obaldia Airport,푸에르토 오발디아 공항,PUE,파나마
Puerto Penasco International Airport,푸에르토 페냐스코 국제 공항,PPE,멕시코
Puerto Princesa International Airport,푸에르토 프린세사 국제 공항,PPS,필리핀
Puerto San Jose Airport,푸에르토 산호세 공항,GSJ,과테말라
Puerto Suarez International Airport,푸에르토 수아레스 국제 공항,PSZ,볼리비아
Puka Puka Airport,푸카푸카 공항,PKP,프랑스령 폴리네시아
Pukaki Airport,푸카키 공항,TWZ,뉴질랜드
Pukapuka Island Airfield,푸카푸카 섬 비행장,PZK,쿡 군도
Pukarua Airport,푸카루아 공항,PUK,프랑스령 폴리네시아
Pula Airport,풀라 공항,PUY,크로아티아
Pulkovo Airport,풀코보 공항,LED,러시아
Pullman Moscow Regional Airport,풀만 모스크바 공항,PUW,미국
Pune Airport,푸네 공항,PNQ,인도
Punta Cana International Airport,푼타카나 국제공항,PUJ,도미니카공화국
Punta del Este Airport,푼타 델 에스테 공항,PDP,우루과이
Punta Gorda Airport,푼타 고다 공항,PND,벨리즈
Punta Gorda Airport,푼타 고르다 공항,PGD,미국
Punta Islita Airport,푼타 이슬리타 공항,PBP,코스타리카
Purdue University Airport,퍼듀 대학교 공항,LAF,미국
Putao Airport,푸타오 공항,PBU,미얀마
Puvirnituq Airport,푸비르니투크 공항,YPX,캐나다
Pyongyang Sunan International Airport,평양 순안국제공항,FNJ,조선민주주의인민공화국
Qaanaaq Airport,카나아크 공항,NAQ,그린란드
Qaarsut Airport,카라수트 공항,JQA,그린란드
Qabala International Airport,카발라 국제 공항,GBB,아제르바이잔
Qala i Naw Airport,칼라이나우 공항,LQN,아프가니스탄
Qamdo Bamda Airport,창두방다 공항,BPX,중국
Qarn Alam Airport,칸 알람 공항,RNM,오만
Qasigiannguit Airport,카시지안구이트 공항,JCH,그린란드
Qeqertarsuaq Airport,케케르타르수아크 공항,JGO,그린란드
Qianjiang Wulingshan Airport,첸장 우링산 공항,JIQ,중국
Qiemo Airport,치에모 공항,IQM,중국
Qikiqtarjuaq Airport,키키크타르주아크 공항,YVM,캐나다
Qilian Airport,치롄 공항,HBQ,중국
Qimei Airport,치메이 공항,CMJ,대만
Qingdao Jiaodong International Airport,칭다오 자오둥 국제공항,TAO,중국
Qingyang Airport,칭양 공항,IQN,중국
Qinhuangdao Beidaihe Airport,친황다오 베이다이허 공항,BPE,중국
Qinhuangdao Shanhaiguan Airport,친황다오 산하이관 공항,SHP,중국
Qionghai Bo'ao Airport,칭하이 보아오 공항,BAR,중국
Qiqihar Sanjiazi Airport,치치하얼 산지아지 공항,NDG,중국
Qitai Jiangbulake Airport,치타이 장부레이크 공항,JBK,중국
Quad Cities International Airport,쿼드 시티 국제 공항,MLI,미국
Qualicum Beach Airport,퀄리쿰 비치 공항,XQU,캐나다
Quanzhou Jinjiang International Airport,취안저우 진장 국제공항,JJN,중국
Quaqtaq Airport,콰크타크 공항,YQC,캐나다
Quatro de Fevereiro Airport,콰트로 데 페베레이루 공항,LAD,앙골라
Quebec City Jean Lesage International Airport,퀘벡 시티 장 르사주 국제공항,YQB,캐나다
Queen Alia International Airport,퀸 알리아 국제 공항,AMM,요르단
Queen Beatrix International Airport,퀸 베아트릭스 국제공항,AUA,아루바
Queenstown Airport,퀸스타운 공항,ZQN,뉴질랜드
Quelimane Airport,퀼리마네 공항,UEL,모잠비크
Quepos La Managua Airport,케포스 라 마나과 공항,XQP,코스타리카
Queretaro Intercontinental Airport,케레타로 인터컨티넨털 공항,QRO,멕시코
Quesnel Airport,퀘넬 공항,YQZ,캐나다
Quetta International Airport,퀘타 국제 공항,UET,파키스탄
Quetzalcoatl International Airport,케찰코아틀 국제 공항,NLD,멕시코
Quetzaltenango Airport,케찰테낭고 공항,AAZ,과테말라
Quilpie Airport,퀼파이 공항,ULP,오스트레일리아
Quimper Cornouaille Airport,캉페르코르누아이유 공항,UIP,프랑스
Quincy Regional Airport,퀸시 지역 공항,UIN,미국
Quinhagak Airport,킨하각 공항,KWN,미국
Quixada Airport,퀴사다 공항,QXD,브라질
Quzhou Airport,취저우 공항,JUZ,중국
RAAF Base Curtin,호주왕립공군군사기지 베이스 커틴,DCN,오스트레일리아
RAAF Base Tindal,호주왕립공군군사기지 베이스 틴달,KTR,오스트레일리아
Rabat Sale Airport,라바트 살레 공항,RBA,모로코
Rabaul Airport,라바울 공항,RAB,파푸아뉴기니
Rabigh Airport,라빅 공항,n/a,사우디아라비아
Rach Gia Airport,락쟈 공항,VKG,베트남
Radin Inten II Airport,라딘 인텐 II 공항,TKG,인도네시아
Radom Airport,라돔 공항,RDO,폴란드
Rae Lakes Airport,라에 레이크스 공항,YRA,캐나다
Raebareli Airport,라에바렐리 공항,n/a,인도
RAF Ascension Island ,어센션 섬 공항,ASI,세인트헬레나
RAF Mount Pleasant,영국왕립공군기지 마운트 플레전트,MPN,포클랜드 제도
RAF Northolt,영국왕립공군기지 노솔트,NHT,영국
Rafael Cabrera Mustelier Airport,라파엘 카브레라 무스텔리에 공항,GER,쿠바
Rafael Hernandez Airport,라파엘 에르난데스 공항,BQN,푸에르토리코
Rafael NUnez International Airport,라파엘 누녜스 국제공항,CTG,콜롬비아
Rafha Domestic Airport,라파 국내선 공항,RAH,사우디아라비아
Rafsanjan Airport,라프산잔 공항,RJN,이란
Rahadi Osman Airport,라하디 오스만 공항,KTG,인도네시아
Raiatea Airport,라이아테아 공항,RFP,프랑스령 폴리네시아
Rainbow Lake Airport,레인보우 레이크 공항,YOP,캐나다
Raivavae Airport,라이바바에 공항,RVV,프랑스령 폴리네시아
Raja Bhoj Airport,라자 보즈 공항,BHO,인도
Raja Haji Fisabilillah Airport,라자하지피사빌라 공항,TNJ,인도네시아
Rajahmundry Airport,라자문드리 공항,RJA,인도
Rajbiraj Airport,라즈비라즈 공항,RJB,네팔
Rajiv Gandhi International Airport,라지브 간디 국제 공항,HYD,인도
Rajkot Airport,라지코트 공항,RAJ,인도
Rajkot International Airport,라지코트 국제 공항,HSR,인도
Rajmata Vijaya Raje Scindia Airport,괄리오르 공항,GWL,인도
Raleigh County Memorial Airport,롤리 카운티 메모리얼 공항,BKW,미국
Raleigh Durham International Airport,롤리 더럼 국제공항,RDU,미국
Ralph M. Calhoun Memorial Airport,랄프 M. 칼훈 메모리얼 공항,TAL,미국
Ralph Wien Memorial Airport,랄프 빈 메모리얼 공항,OTZ,미국
Ramata Airport,라마타 공항,RBV,솔로몬 제도
Ramechhap Airport,라메i프 공항,RHP,네팔
Ramenskoye Airport,라멘스코예 공항,ZIA,러시아
Ramingining Airport,라밍기닝 공항,RAM,오스트레일리아
Ramon Airport,라몬 공항,ETM,이스라엘
Ramon Villeda Morales International Airport,라몬 빌레다 모랄레스 국제 공항,SAP,온두라스
Rampart Airport,램파트 공항,RMP,미국
Ramsar International Airport,람사르 국제공항,RZR,이란
Ramstein Air Base,람슈타인 공군기지,RMS,독일
Ranai Airport,라나이 공항,NTX,인도네시아
Range Regional Airport,레인지 공항,HIB,미국
Rangiroa Airport,랑기로아 공항,RGI,프랑스령 폴리네시아
Rankin Inlet Airport,랜킨 인렛 공항,YRT,캐나다
Ranong Airport,라농 공항,UNN,태국
Rapid City Regional Airport,래피드 시티 공항,RAP,미국
Rara Talcha Airport,라라 탈차 공항,n/a,네팔
Raroia Airport,라로이아 공항,RRR,프랑스령 폴리네시아
Rarotonga International Airport,라로통가 국제공항,RAR,쿡 군도
Ras Al Khaimah International Airport,라스알카이마 국제공항,RKT,아랍에미레이트
Ras Sidr Airport,라스 시드르 공항,n/a,이집트
Rasht Airport,라슈트 공항,RAS,이란
Ratnagiri Airport,라트나기리 공항,RTC,인도
Ravensthorpe Airport,레이븐스소프 공항,RVT,오스트레일리아
Raxaul Airport,락사울 공항,n/a,인도
Reading Regional Airport,레딩 지역공항,RDG,미국
Reales Tamarindos Airport,레알레스 타마린도스 공항,PVO,에콰도르
Reao Airport,레아오 공항,REA,프랑스령 폴리네시아
Recife/Guararapes Gilberto Freyre International Airport,헤시피/과라라페스 질베르토 프레이레 국제공항,REC,브라질
Reconquista Airport,레콩키스타 공항,RCQ,아르헨티나
Red Deer Regional Airport,레드 디어 공항,YQF,캐나다
Red Devil Airport,레드 데빌 공항,RDV,미국
Red Dog Airport,레드 독 공항,RDB,미국
Red Lake Airport,레드 레이크 공항,YRL,캐나다
Red Sea International Airport,홍해 국제공항,RSI,사우디아라비아
Red Sucker Lake Airport,레드 서커 레이크 공항,YRS,캐나다
Redang Airport,르당 공항,RDN,말레이시아
Redcliffe Airport,레드클리프 공항,RCL,바누아투
Redding Municipal Airport,레딩 공항,RDD,미국
Reggio di Calabria Airport,레지오 디 칼라브리아 공항,REG,이탈리아
Regina International Airport,레지나 국제 공항,YQR,캐나다
Region de Murcia International Airport,레지온 데 무르시아 국제공항,RMU,스페인
Region of Waterloo International Airport,워털루 국제공항지역,YKF,캐나다
Reims Airport,랭스 공항,n/a,프랑스
Reims Champagne Air Base,랭스 샴페인 공군 기지,RHE,프랑스
Relais de la Reine Airport,를레 드 라 렌느 공항,RLR,마다가스카르
Remada Airport,레마다 공항,n/a,튀니지
Rembele Airport,렘벨레 공항,TXE,인도네시아
Rendani Airport,렌다니 공항,MKW,인도네시아
Rene Mouawad Air Base ,르네 무아와드 공군기지,KYE,레바논
Renmark Airport,렌마크 공항,RMK,오스트레일리아
Rennell Airport,레넬 공항,RNL,솔로몬 제도
Rennes Saint Jacques Airport,렌 생 쟈크 공항,RNS,프랑스
Reno Tahoe International Airport,리노 타호 국제공항,RNO,미국
Republic Airport,리퍼블릭 공항,FRG,미국
Repulse Bay Airport,리펄스 베이 공항,YUT,캐나다
Resende Airport,레센데 공항,REZ,브라질
Resistencia International Airport,레지스텐시아 국제 공항,RES,아르헨티나
Resolute Bay Airport,레졸루트 베이 공항,YRB,캐나다
Retalhuleu Airport,레탈룰레우 공항,RER,과테말라
Reus Airport,레우스 공항,REU,스페인
Rewa Airport,레와 공항,REW,인도
Reyes Murillo Airport,레예스 무리요 공항,NQU,콜롬비아
ReykjavIk Airport,레이캬비크 공항,RKV,아이슬란드
Rhinelander Oneida County Airport,라인랜더 오네이다 카운티 공항,RHI,미국
Rhodes International Airport,로도스 국제 공항,RHO,그리스
Riberalta Airport,리베랄타 공항,RIB,볼리비아
Ricardo GarcIa Posada Airport,리카르도 가르시아 포사다 공항,ESR,칠레
Richard Lloyd Jones Jr. Airport,리o드 로이드 존스 주니어 공항,RVS,미국
Richard Pearse Airport,리o드 피어스 공항,TIU,뉴질랜드
Richards Bay Airport,리o드 베이 공항,RCB,남아프리카
Richmond Airport,리치몬드 공항,RCM,오스트레일리아
Richmond International Airport,리치몬드 국제 공항,RIC,미국
Rick Husband Amarillo International Airport,릭 허드슨 애머릴로 국제 공항,AMA,미국
Rickenbacker International Airport,리켄베커 국제공항,LCK,미국
Riga International Airport,리가 국제 공항,RIX,라트비아
Rigolet Airport,리골레트 공항,YRG,캐나다
Rijeka Airport,리예카 공항,RJK,크로아티아
Rimatara Airport,리마타라 공항,RMT,프랑스령 폴리네시아
Rio de Janeiro Galeao International Airport,리우데자네이루 갈레앙 국제공항,GIG,브라질
Rio Grande Regional Airport,리오그란데 공항,RIG,브라질
RIo Mayo Airport,리오 마요 공항,ROY,아르헨티나
Rio Turbio Airport,리오 투르비오 공항,RYO,아르헨티나
Rishiri Airport,리시리 공항,RIS,일본
Rivne International Airport,리브네 국제 공항,RWN,우크라이나
Riyan Airport,리옌 공항,RIY,예멘
Rize Artvin Airport,리제 아르빈 공항,RZV,터키
Rizhao Shanzihe Airport,르자오 산쯔허 공항,RIZ,중국
Roanoke Blacksburg Regional Airport,로어노크 블랙스버그 지역공항,ROA,미국
Robe Airport,로브 공항,GOB,이디오피아
Robert Curtis Memorial Airport,로버트 ,ORV,미국
Robert L. Bradshaw International Airport,로버트 L. 브래드쇼 국제공항,SKB,세인트키츠네비스
Roberts Field,로버츠 필드,RDM,미국
Roberts International Airport,로버츠 국제 공항,ROB,라이베리아
Roberval Airport,로베르발 공항,YRJ,캐나다
Robins Air Force Base,로빈스 공군기지,WRB,미국
Robinson Crusoe Airfield,로빈슨 크루소 비행장,n/a,칠레
Roche Harbor Seaplane Base,로슈 하버 수상 비행기 기지,RCE,미국
Rochester International Airport,로체스터 국제 공항,RST,미국
Rock Sound International Airport,록사운드 국제공항,RSD,바하마
Rock Springs Sweetwater County Airport,록 스프링스 스위트워터 카운티 공항,RKS,미국
Rockhampton Airport,록햄프턴 공항,ROK,오스트레일리아
Rocky Mountain Metropolitan Airport,록키 마운틴 메트로폴리탄 공항,BJC,미국
Rodez Marcillac Airport,로데즈 마르실락 공항,RDZ,프랑스
RodrIguez Ballon International Airport,로드리게스 발론 국제공항,AQP,페루
Rogue Valley International Medford Airport,로그 밸리 국제공항  메드퍼드 공항,MFR,미국
Roi Et Airport,로이엣 공항,ROI,태국
Roland Garros Airport,롤랑 가로스 공항,RUN,리유니온
Roma Airport,로마 공항,RMA,오스트레일리아
Roman Tmetuchl International Airport,로만 트메투츨 국제공항,ROR,팔라우
Ronald Reagan Washington National Airport,로널드 레이건 워싱턴 내셔널 공항,DCA,미국
Rongelap Airport,롱겔랩 공항,RNP,마샬 군도
Ronneby Airport,론네비 공항,RNB,스웨덴
Roros Airport,뢰로스 공항,RRS,노르웨이
Rorvik Airport Ryum,뢰르비크 공항,RVK,노르웨이
Rosario Islas Malvinas International Airport,로사리오 이슬라스 말비나스 국제공항,ROS,아르헨티나
Rosh Pina Airport,로쉬 피나 공항,RPN,이스라엘
Roshchino International Airport,로시치노 국제 공항,TJM,러시아
Rosita Airport,로지타 공항,RFS,니카라과
Roskilde Airport,로스킬레 공항,RKE,덴마크
Rost Airport,뢰스트 공항,RET,노르웨이
Rostock Laage Airport,로스토크 라게 공항,RLG,독일
Roswell International Air Center,로스웰 국제 항공 센터,ROW,미국
Rota International Airport,로타 국제공항,ROP,북마리아제도
Rotorua Regional Airport,로토루아 공항,ROT,뉴질랜드
Rotterdam The Hague Airport,로테르담 헤이그 공항,RTM,네덜란드
Rotuma Airport,로투마 공항,RTA,피지
Rouen Airport,루앙 공항,URO,프랑스
Round Lake Airport,라운드 레이크 공항,ZRJ,캐나다
Rourkela Airport,루르켈라 공항,RRK,인도
Rouyn Noranda Airport,루인 노란다 공항,YUY,캐나다
Rovaniemi Airport,로바니에미 공항,RVN,핀란드
Roxas Airport,로하스 공항,RXS,필리핀
Rubem Berta International Airport,루벰 베르타 국제 공항,URG,브라질
Ruby Airport,루비 공항,RBY,미국
Rukum Salle Airport,루쿰 살레 공항,n/a,네팔
Rumbek Airport,룸벡 공항,RBX,수단
Rumjatar Airport,룸자타르 공항,RUM,네팔
Rundu Airport,룬두 공항,NDU,나미비아
Ruoqiang Loulan Airport,뤄치앙 루란 공항,RQA,중국
Rupsi Airport,루시 공항,RUP,인도
Rurrenabaque Airport,루레나바케 공항,RBQ,볼리비아
Rurutu Airport,루루투 공항,RUR,프랑스령 폴리네시아
Russian Mission Airport,러시안 미션 공항,RSH,미국
Rutland Southern Vermont Regional Airport,러틀랜드 서던 버몬트 지역 공항,RUT,미국
Rzeszow Jasionka Airport,제슈프 야시온카 공항,RZE,폴란드
Saarbrcken Airport,자르브뤼켄 공항,SCN,독일
Sabadell Airport,사바델 공항,n/a,스페인
Sabetta International Airport,사베타 국제공항,SBT,러시아
Sabha Airport,사바 공항,SEB,리비아
Sabiha Gkcen International Airport,사비하 괵첸 국제공항,SAW,터키
Sabzevar Airport,사브제바르 공항,AFZ,이란
Sacheon Airport,사천공항,HIN,대한민국
Sachigo Lake Airport,사치고 호수 공항,ZPB,캐나다
Sachs Harbour Airport,삭스 하버 ,YSY,캐나다
Sacramento International Airport,새크라멘토 국제 공항,SMF,미국
Sacramento Mather Airport,새크라멘토 매더 공항,MHR,미국
Sadiq Abubakar III International Airport,사디크 아부바카르 III 국제공항,SKO,나이지리아
Sado Airport,사도공항,SDS,일본
Saga Airport,사가공항,HSG,일본
Sahand Airport,사한드 공항,ACP,이란
Saharanpur Airport,사하란푸르 공항,n/a,인도
Sahnewal Airport,사네왈 공항,LUH,인도
Saibai Island Airport,사이바이 아일랜드 공항,SBR,오스트레일리아
Saidpur Airport,사이드푸르 공항,SPD,방글라데시
Saidu Sharif Airport,사이두 샤리프 공항,SDT,파키스탄
Saifai Airport,사이피 공항,n/a,인도
Saint Augustin Airport,생 오귀스탱 공항,YIF,캐나다
Saint Brieuc Armor Airport,생브리외,SBK,프랑스
Saint etienne Boutheon Airport,생테티엔 부테옹 공항,EBU,프랑스
Saint Helena Airport,세인트 헬레나 공항,HLE,세인트헬레나
Saint John Airport,세인트 존 공항,YSJ,캐나다
Saint Louis Airport,세인트 루이스 공항,XLS,세네갈
Saint Nazaire Montoir Airport,생나제르 몽트와 공항,SNR,프랑스
Saint Pierre Airport,생피에르 공항,FSP,생피에르 앤드 미클롱
Sainte Marie Airport,생트 마리 공항,SMS,마다가스카르
Saipan International Airport,사이판 국제공항,SPN,북마리아나 제도
Sakkyryr Airport,사키리르 공항,SUK,러시아
Sakon Nakhon Airport,사콘나콘 공항,SNO,태국
Salak Airport,살락 공항,MVR,카메룬
Salalah International Airport,살랄라 국제 공항,SLL,오만
Salamanca Airport,살라망카 공항,SLM,스페인
Salekhard Airport,살레하르트 공항,SLY,러시아
Salem Airport,세일럼 공항,SXV,인도
Salerno Costa d'Amalfi Airport,살레르노 코스타 다말피 공항,QSR,이탈리아
Salgado Filho International Airport,살가도 필류 국제 공항,POA,브라질
Salina Cruz Airport,살리나 크루즈 공항,SCX,멕시코
Salina Regional Airport,살리나 공항,SLN,미국
Salinas Airport,살리나스 공항,IAL,브라질
Salisbury Ocean City Wicomico Regional Airport,솔즈베리 오션시티 위코미코 공항,SBY,미국
Salluit Airport,살루이트 공항,YZG,캐나다
Salt Cay Airport,솔트 케이 공항,SLX,터크스케이커스 제도
Salt Lake City International Airport,솔트레이크시티 국제공항,SLC,미국
Salto del Guaira Airport,살토 델 과이라 공항,n/a,파라과이
Salzburg Airport,잘츠부르크 공항,SZG,오스트리아
Sam Mbakwe Airport,삼음바크웨 공항,QOW,나이지리아
Sam Ratulangi International Airport,삼 라툴랑이 국제공항,MDC,인도네시아
Samana Arroyo Barril Airport,사마나 아로요 바릴 공항,n/a,도미니카공화국
Samana El Catey International Airport,사마나 엘 카테이 국제 공항,AZS,도미니카공화국
Samarkand International Airport,사마르칸트 국제공항,SKD,우즈베키스탄
Sambava Airport,삼바바 공항,SVB,마다가스카르
SambU Airport,삼부 공항,SAX,파나마
Samburu Airport,삼부루 공항,UAS,케냐
Samedan Airport,사메단 공항,SMV,스위스
"Samos International Airport""Aristarchos of Samos""","사모스 국제 공항""사모스의 아리스타르코스""",SMI,그리스
Samsun carSamba Airport,챨삼바 공항,SZF,터키
Samui Airport,사무이 공항,USM,태국
San Andros Airport,샌 안드로스 공항,SAQ,바하마
San Angelo Regional Airport,샌앤젤로 지역공항,SJT,미국
San Antonio De Los Banos Airport,샌안토니오 데 로스바뇨스 공항,n/a,쿠바
San Antonio International Airport,샌 안토니오 국제 공항,SAT,미국
San Bernardino International Airport,샌버나디노 국제공항,SBD,미국
San Bernardo de Mompox Airport,산 베르나르도 데 몸폭스 공항,n/a,콜롬비아
San Carlos Airport,산 카를로스 공항,NCR,니카라과
San Carlos Airport,산 카를로스 공항,n/a,베네수엘라
San Carlos de Bariloche Airport,산 카를로스 데 바릴로체 공항,BRC,아르헨티나
San Cristobal Airport,산 크리스토발 공항,SCY,에콰도르
San Diego International Airport,샌디에이고 국제 공항,SAN,미국
San Fernando Airport,산 페르난도 공항,SFE,필리핀
San Fernando Airport (Argentina),산 페르난도 공항(아르헨티나),FDO,아르헨티나
San Francisco International Airport,샌프란시스코 국제 공항,SFO,미국
San Gil Los Pozos Airport,산길 로스 포소스 공항,n/a,콜롬비아
San Ignacio Town Airstrip,산 이그나시오 타운 활주로,CYD,벨리즈
San Isidro de El General Airport,산 이시드로 데 엘 제네랄 공항,IPZ,코스타리카
San Jose Airport,산호세 공항,SIC,파나마
San Jose Airport,산호세 공항,SJI,필리핀
San Jose de Chiquitos Airport,산호세 데 치키토스 공항,SJS,볼리비아
San Jose International Airport,산호세 국제 공항,SJC,미국
San Juan de la Maguana Airport,산 후안 데 라 마구아나 공항,SJM,도미니카공화국
San Juan Seaplane Base,산후안,UGI,미국
San Luis Airport,산 루이스 공항,IPI,콜롬비아
San Luis Obispo County Regional Airport,산 루이스 오비스포 카운티 지역공항,SBP,미국
San Luis Valley Regional Airport,샌루이스밸리 공항,ALS,미국
San Marcos Regional Airport,샌마르코스 지역 공항,n/a,미국
San Miguel de Allende Airport,산 미구엘 아옌데 공항,n/a,멕시코
San Pedro Airport,산 페드로 공항,BZA,니카라과
San Pedro Airport,산 페드로 공항,SPY,코트디부아르
San Rafael Airport,산 라파엘 공항,AFA,아르헨티나
San Rafael Airport,산 라파엘 공항,TUV,베네수엘라
San Salvador Airport,산살바도르 공항,ZSA,바하마
San Salvador Ilopango Airport,산살바도르 일로팡고 공항,ILS,엘살바드로
San Sebastian Airport,산 세바스티안 공항,EAS,스페인
San Tome Airport,산 토메 공항,SOM,베네수엘라
San Vicente Airport,산 비센테 공항,SWL,필리핀
Sana'a International Airport,사나 국제공항,SAH,예멘
Sanana Airport,사나나 공항,SQN,인도네시아
Sanandaj Airport,사난다즈 공항,SDG,이란
Sand Point Airport,샌드 포인트 공항,SDP,미국
Sandakan Airport,산다칸 공항,SDK,말레이시아
Sandane Airport Anda,산다네 공항,SDN,노르웨이
Sanday Airport,산데이 공항,NDY,영국
Sandnessjoen Airport Stokka,스토카 공항,SSJ,노르웨이
Sandspit Airport,샌드스핏 공항,YZP,캐나다
Sandy Lake Airport,샌디 레이크 공항,ZSJ,캐나다
Sandy River Airport,샌디 리버 공항,n/a,미국
Sanga Sanga Airport,상가상가 공항,TWT,필리핀
Sangapi Airport,상가피 공항,SGK,파푸아뉴기니
Sangar Airport,상가르 공항,n/a,러시아
Sanggu Buntok Airport,상구 분톡 공항,n/a,인도네시아
Sangia Nibandera Airport,산지아 니반데라 공항,KXB,인도네시아
Sangley Point Airport,생레이 포인트 공항,SGL,필리핀
Sangster International Airport,생스터 국제 공항,MBJ,자메이카
Sania Ramel Airport,사니아 라멜 공항,TTU,모로코
Sanikiluaq Airport,사니킬루아크 공항,YSK,캐나다
Sankt Peter Ording Airport,장크트 페터 오르딩 공항,PSH,독일
Sanliurfa GAP Airport,산리우르파 GAP 공항,GNY,터키
Sanming Shaxian Airport,싼밍 샤셴 공항,SQJ,중국
Sansha Yongxing Airport,산사 용싱 공항,n/a,중국
Santa Ana Airport,산타아나 공항,CRC,콜롬비아
Santa Ana Airport,산타아나 공항,NNB,솔로몬 제도
Santa Barbara Municipal Airport,산타바바라 공항,SBA,미국
Santa Bernardina International Airport,산타 베르나르디나 국제공항,DZO,우루과이
Santa Cruz do Sul Airport,산타크루스두술 공항,CSU,브라질
Santa Cruz Island Airport,산타크루즈/그라시오사 베이/루오바 공항,SCZ,솔로몬 제도
Santa Elena de Uairen Airport,산타 엘레나 데 우아이렌 공항,SNV,베네수엘라
Santa Fe Municipal Airport,산타페 공항,SAF,미국
Santa Genoveva Airport,산타 제노베바 공항,GYN,브라질
Santa LucIa Air Force Base Num 1,산타 루시아 공군 기지 번호 1,NLU,멕시코
Santa Maria Airport,산타 마리아 공항,AJU,브라질
Santa Maria Airport,산타 마리아 공항,RIA,브라질
Santa Maria Airport,산타 마리아 공항,SMA,포르투갈
Santa MarIa Airport,산타 마리아 공항,SMG,페루
Santa Maria Public Airport,산타 마리아 퍼블릭 공항,SMX,미국
Santa Monica Municipal Airport,산타모니카 시립 공항,SMO,미국
Santa Rosa Airport,산타 로사 공항,RSA,아르헨티나
Santa Rosa Airport,산타로사 공항,SRA,브라질
Santa Rosa International Airport,산타 로사 국제 공항,ETR,에콰도르
Santa Terezinha Municipal Airport,산타 테레지냐 공항,JCB,브라질
Santander Airport,산탄데르 공항,SDR,스페인
Santarem Maestro Wilson Fonseca Airport,산타렘 마에스트로 윌슨 폰세카 공항,STM,브라질
Santiago de Compostela Airport,산티아고 데 콤포스텔라 공항,SCQ,스페인
Santiago Marino Caribbean International Airport,산티아고 마리뇨 카리브해 국제공항,PMV,베네수엘라
Santiago Perez Quiroz Airport,산티아고 페레즈 키로스 공항,AUC,콜롬비아
Santo Pekoa International Airport,산토 페코아 국제 공항,SON,바누아투
Santorini National Airport,산토리니,JTR,그리스
Santos Dumont Airport,산토스 두몽 공항,PNG,브라질
Santos Dumont Airport,산토스 두몽 공항,SDU,브라질
Sanya Phoenix International Airport,싼야 봉황국제공항,SYX,중국
Sao Borja Airport,상 보르하 공항,JBS,브라질
Sao Felix do Araguaia Airport,상펠릭스 두 아라과이아 공항,SXO,브라질
Sao Filipe Airport,상 필리페 공항,SFL,카보베르데
Sao Gabriel da Cachoeira Airport,상 가브리엘 다 카초에이라 공항,SJL,브라질
Sao Jorge Airport,상 조르즈 공항,SJZ,포르투갈
Sao Paulo Campo de Marte Airport,상파울루 캄포 데 마르테 공항,RTE,브라질
Sao Paulo Catarina Executive Airport,상파울루 카타리나 이그제큐티브 공항,JHF,브라질
Sao Paulo/Congonhas Deputado Freitas Nobre Airport,상파울루 콩고냐스 공항,CGH,브라질
Sao Tome International Airport,상투메 국제공항,TMS,상투메프린시페
Sara Airport,사라 공항,SSR,바누아투
Sarajevo International Airport,사라예보 국제 공항,SJJ,보스니아 헤르체고비나
Saransk Airport,사란스크 공항,SKX,러시아
Sarasota Bradenton International Airport,새러소타 브레이든턴 국제공항,SRQ,미국
Saratov Gagarin Airport,사라토프 가가린 공항,GSV,러시아
Saravan Airport,사라반 공항,n/a,이란
Sardar Vallabhbhai Patel International Airport,사르다르 발라바이 파텔 국제공항,AMD,인도
Sarh Airport,사르 공항,SRH,차드
Sarnia Chris HadFieldAirport,사니아 크리스 해드필드 공항,YZR,캐나다
Sary Arka Airport,사리아르카 공항,KGF,카자흐스탄
Saskatoon International Airport,새스커툰 국제공항,YXE,캐나다
Saskylakh Airport,사스카라크 공항,SYS,러시아
Satna Airport,사트나 공항,TNI,인도
Satu Mare International Airport,사투마레 국제공항,SUJ,루마니아
Sauce Viejo Airport,사우세 비에호 공항,SFN,아르헨티나
Sault Ste. Marie Airport,수세인트마리 공항,YAM,캐나다
Saumlaki Airport,사움라키 공항,SXK,인도네시아
Sauoarkrokur Airport,스카가비요뒤르 공항,SAK,아이슬란드
Saurimo Airport,사우리모 공항,VHC,앙골라
Savannah/Hilton Head International Airport,사바나/힐튼헤드 국제공항,SAV,미국
Savannakhet Airport,사바나케트 공항,ZVK,라오스
Save Airport,세베 공항,GSE,스웨덴
Savonlinna Airport,사본린나 공항,SVL,핀란드
Savoonga Airport,사봉가 공항,SVA,미국
Savusavu Airport,사부사부 공항,SVU,피지
Sawan Airport,사완공항,RZS,파키스탄
Sawyer International Airport,소여 국제공항,MQT,미국
Sayak Airport,사약 공항,IAO,필리핀
Sayun Airport,사윤공항,GXF,예멘
Scammon Bay Airport,스캐먼 베이 공항,SCM,미국
Scandinavian Mountains Airport,스칸디나비아 산맥 공항,SCR,스웨덴
Scarlett Martinez International Airport,스칼렛 마르티네즈 국제 공항,RIH,파나마
Schefferville Airport,셰퍼빌 공항,YKL,캐나다
Schwerin Parchim International Airport,슈베린 파르침 국제공항,SZW,독일
Scottsdale Airport,스코츠데일 공항,SCF,미국
Sea AirportCuxhaven/Nordholz,해상 공항쿡스하펜/노르드홀츠,FCN,독일
Seal Bay Seaplane Base,씰 베이 수상비행기 기지,SYB,미국
Seattle Tacoma International Airport,시애틀 타코마 국제공항,SEA,미국
Sechelt Aerodrome,세첼트 비행장,YHS,캐나다
Seghe Airport,세게 공항,EGM,솔로몬 제도
Sei Bati Airport,세이바티 공항,TJB,인도네시아
SeinAjoki Airport,세이나요키 공항,SJY,핀란드
Selaparang Airport,셀라파랑 공항,AMI,인도네시아
Selawik Airport,셀라윅 공항,WLK,미국
Seldovia Airport,셀도비아 공항,SOV,미국
Selebi Phikwe Airport,셀레비 피크웨 공항,PKW,보츠와나
Seletar Airport,셀레타르 공항,XSP,싱가포르
Selfridge Air National Guard Base,셀프리지 공군기지,MTC,미국
Semera Airport,세메라 공항,SZE,이디오피아
Semey Airport,세메이 공항,PLX,카자흐스탄
Semnan Municipal Airport,셈난 시립공항,SNX,이란
Sena Madureira Airport,세나 마두레이라 공항,ZMD,브라질
Senador Nilo Coelho Airport,세나도르 닐로 코엘료 공항,PNZ,브라질
Senadora Eunice Michiles Airport,세나도라 유니스 미킬레스 공항,OLC,브라질
Senai International Airport,세나이 국제공항,JHB,말레이시아
Sendai Airport,센다이 공항,SDJ,일본
Sentani Airport,센타니 공항,DJJ,인도네시아
Seosan Air Base,서산 공군기지,n/a,대한민국
Sepe Tiaraju Airport,세페 티아라주 공항,GEL,브라질
Sept Iles Airport,셉트일 공항,YZV,캐나다
Serafin Enoss Bertaso Airport,세라핀 에노스 베르타소 공항,XAP,브라질
Seronera Airstrip,세로네라 활주로,SEU,탄자니아
Serra Talhada Santa Magalhaes Airport,세라 탈하다 산타 마갈랴에스 공항,SET,브라질
Serui Airport,세루이 공항,ZRI,인도네시아
Sevastopol International Airport,세바스토폴 국제공항,UKS,우크라이나
Severo Evensk Airport,세베로에벤스크 공항,SWV,러시아
Severodonetsk Airport,세베로도네츠크 공항,n/a,우크라이나
Severo-Kurilsk Airport,세베로-쿠릴스크 공항,n/a,러시아
Sevilla Airport,세비야 공항,SVQ,스페인
Seychelles International Airport,세이셸 국제 공항,SEZ,세이셸
Seymchan Airport,세임찬 공항,n/a,러시아
Seymour Airport,시모어 공항,GPS,에콰도르
Sfax Thyna International Airport,스팍스 티나 국제공항,SFA,튀니지
Shache Airport,샤체 공항,QSZ,중국
Shageluk Airport,샤겔룩 공항,SHX,미국
Shah Amanat International Airport,샤 아마낫 국제 공항,CGP,방글라데시
Shah Makhdum Airport,샤 마크둠 공항,RJH,방글라데시
Shahid Ashrafi Esfahani Airport,사히드 아쉬라피 에스파하니 공항,KSH,이란
Shahid Sadooghi Airport,사히드 사두히 공항,AZD,이란
Shahjalal International Airport,샤잘랄 국제공항,DAC,방글라데시
Shahrekord Airport,샤레코르드 공항,CQD,이란
Shahroud Airport,샤루드 공항,RUD,이란
Shaikh Zayed International Airport,셰이크 자예드 국제공항,RYK,파키스탄
Shakhtyorsk Airport,샤흐티오르스크 공항,EKS,러시아
Shaktoolik Airport,샥툴릭 공항,SKK,미국
Shamattawa Airport,샤마타와 공항,ZTM,캐나다
Shanghai Hongqiao International Airport,상하이 훙차오 국제공항,SHA,중국
Shanghai Pudong International Airport,상하이 푸둥 국제공항,PVG,중국
Shangrao Sanqingshan Airport,상라오 싼칭산 공항,SQD,중국
Shannan Longzi Airport,산난 롱즈 공항,LGZ,중국
Shannon Airport,섀넌 공항,SNN,아일랜드
Shaoguan Guitou Airport,샤오관 구이터우 공항,HSC,중국
Shaoyang Wugang Airport,샤오양 우강 공항,WGN,중국
Sharjah International Airport,샤르자 국제 공항,SHJ,아랍에미레이트
Shark Bay Airport,샤크 베이 공항,MJK,오스트레일리아
Sharm el Sheikh International Airport,샤름 엘 셰이크 국제 공항,SSH,이집트
Sharq Al Owainat Airport,샤르크 알 오와이낫 공항,GSQ,이집트
Sharurah Domestic Airport,샤루라 국내선 공항,SHW,사우디아라비아
Sharypovo Airport,샤리포보 공항,n/a,러시아
Sheikh ul Alam International Airport,셰이크 울 알람 국제공항,SXR,인도
Sheldon Point Airport,셸던 포인트 공항,SXP,미국
Shell Mera Rio Amazonas Airport,쉘 메라 리오 아마조나스 공항,n/a,에콰도르
Shellharbour Airport,셸하버 공항,WOL,오스트레일리아
Shenandoah Valley Regional Airport,셰넌도어 밸리 공항,SHD,미국
Shennongjia Hongping Airport,선농자 홍핑 공항,HPG,중국
Shenyang Taoxian International Airport,선양 타오셴 국제공항,SHE,중국
Shenzhen Bao'an International Airport,선전 바오안 국제공항,SZX,중국
Sherbrooke Airport,셔브룩 공항,YSC,캐나다
Sheremetyevo International Airport,셰레메티예보 국제 공항,SVO,러시아
Sheridan County Airport,셰리든 카운티 공항,SHR,미국
Shetland Islands Scatsta Airport,셰틀랜드 제도 스캣스타 공항,n/a,영국
Shigatse Peace Airport,시가체 평화 공항,RKZ,중국
Shihezi Huayuan Airport,스허지 화위안 공항,SHF,중국
Shijiazhuang Zhengding International Airport,스자좡 정딩 국제공항,SJW,중국
Shilavo Airport,실라보 공항,HIL,이디오피아
Shillong Airport,실롱 공항,SHL,인도
Shimla Airport,심라 공항,SLV,인도
Shimojishima Airport,시모지시마 공항,SHI,일본
Shinyanga Airport,신양가공항,SHY,탄자니아
Shirak Airport,시락 공항,LWN,아르메니아
Shiraz International Airport,시라즈 국제공항,SYZ,이란
Shirdi Airport,쉬르디 공항,SAG,인도
Shire Airport,샤이어 공항,SHC,이디오피아
Shishmaref Airport,시슈마레프 공항,SHH,미국
Shivamogga Airport,시바마가 공항,RQY,인도
Shiyan Wudangshan Airport,스옌 우당산 공항,WDS,중국
Shizuoka Airport,시즈오카 공항,FSZ,일본
Shonai Airport,쇼나이 공항,SYO,일본
Shoreham Airport,쇼어햄 공항,ESH,영국
Show Low Regional Airport,로우 지역 공항표시,SOW,미국
Shravasti Airport,슈레바스티 공항,VSV,인도
Shreveport Regional Airport,슈리브포트 공항,SHV,미국
Shri Guru Gobind Singh Ji Airport,스리 구루 고빈드 싱 지 공항,NDC,인도
Shungnak Airport,슝낙 공항,SHG,미국
Shuozhou Zirun Airport,슈저우 즈룬 공항,SZH,중국
Shushenskoye Airport,슈셴스코에 공항,n/a,러시아
Shymkent International Airport,쉼켄트 국제 공항,CIT,카자흐스탄
Sialkot International Airport,시알코트 국제 공항,SKT,파키스탄
siauliai International Airport,샤울라이 국제공항,SQQ,리투아니아
Sibisa Airport,시비사 공항,SIW,인도네시아
Sibiti Airport,시비티 공항,SIB,콩고
Sibiu International Airport,시비우 국제 공항,SBZ,루마니아
Sibu Airport,시부 공항,SBW,말레이시아
Sibulan Airport,시불란 공항,DGT,필리핀
Sicogon Airport,시코곤 공항,ICO,필리핀
Sidi Mahdi Airport,시디 마흐디 공항,TGR,알제리
Sidney Municipal Airport,시드니 뮤니시펄 공항,SNY,미국
Sidney Richland Municipal Airport,시드니 리치랜드 공항,SDY,미국
Siegerland Airport,시거랜드 공항,SGE,독일
Siem Reap AirportInternational,씨엠립 공항국제공항,SAI,캄보디아
Siem Reap International Airport,시엠립 국제공항,REP,캄보디아
Sierra Maestra Airport,시에라 마에스트라 공항,MZO,쿠바
Sierra Vista Municipal Airport,시에라 비스타 시립공항,FHU,미국
Sigiriya Airport,시기리야 공항,GIU,스리랑카
Sihanoukville International Airport,시아누크빌 국제공항,KOS,캄보디아
Siirt Airport,시이르트 공항,SXZ,터키
Sikorsky Memorial Airport,시코르스키 메모리얼 공항,BDR,미국
Silampari Airport,실람파리 공항,LLJ,인도네시아
Silangit Airport,실랑깃 공항,DTB,인도네시아
Silchar Airport,실차르 공항,IXS,인도
Silver Creek Airport,실버 크릭 공항,SVK,벨리즈
SIlvio Name JUnior Regional Airport,마링가 지역 공항,MGF,브라질
Silvio Pettirossi International Airport,실비오 페티로시 국제공항,ASU,파라과이
Simanggang Airport,시망강 공항,SGG,말레이시아
Simara Airport,시마라 공항,SIF,네팔
Simferopol International Airport,심페로폴 국제 공항,SIP,우크라이나
Simikot Airport,시미콧 공항,IMK,네팔
Simon BolIvar International Airport,시몬 볼리바르 국제 공항,CCS,베네수엘라
Simon BolIvar International Airport,시몬 볼리바르 국제 공항,SMR,콜롬비아
Simon Mwansa Kapwepwe International Airport,시몬 음완사 카프웨프웨 국제공항,NLA,잠비아
Sindal Airport,신달 공항,CNL,덴마크
Sindhudurg Airport,신두르그 공항,SDW,인도
Singapore Changi Airport,싱가포르 창이 공항,SIN,싱가포르
Singkawang Airport,싱카왕 공항,SKJ,인도네시아
Sinop Airport,시놉 공항,NOP,터키
Sion Airport,시온 공항,SIR,스위스
Sioux County Regional Airport,수 카운티 지역 공항,n/a,미국
Sioux Falls Regional Airport,수폴스 지역공항,FSD,미국
Sioux Gateway Airport,수 게이트웨이 공항,SUX,미국
Sioux Lookout Airport,수 룩아웃 공항,YXL,캐나다
Sipora Rokot Airport,시포라 로코트 공항,RKI,인도네시아
Siquijor Airport,시키호르 공항,n/a,필리핀
Sir Bani Yas Airport,시르 바니야스 공항,XSB,아랍에미레이트
Sir Seewoosagur Ramgoolam International Airport,씨우사구르 람구람경 국제공항,MRU,모리셔스
Sir Seretse Khama International Airport,세레체 카마 경 국제 공항,GBE,보츠와나
Sirjan Airport,시르잔 공항,SYJ,이란
Sirnak Airport,시르낙 공항,NKT,터키
Sirri Island Airport,시리 아일랜드 공항,SXI,이란
Sirsa Airport,시르사 공항,n/a,인도
Sishen Airport,시셴 공항,SIS,남아프리카
Sisimiut Airport,시시미우트 공항,JHS,그린란드
Sitia Public Airport,시티아 공항,JSH,그리스
Sitka Rocky Gutierrez Airport,싯카 록키 구티에레스 공항,SIT,미국
Sittwe Airport,시트웨 공항,AKY,미얀마
Siuna Airport,시우나 공항,SIU,니카라과
Sivas Airport,시바스 공항,VAS,터키
Siverskij Airport,시베르스키 공항,n/a,러시아
Siwa Oasis North Airport,시와 오아시스 노스 에어포트,SEW,이집트
Siwo Airport,시오 공항,EAE,바누아투
Skagit Regional Airport,스카짓 지역공항,MVW,미국
Skagway Airport,스캐그웨이 공항,SGY,미국
Skardu Airport,스카르두 공항,KDU,파키스탄
Skelleftea Airport,스켈레프테오 공항,SFT,스웨덴
Skiathos Island National Airport,스키아토스 아일랜드 내셔널 공항,JSI,그리스
Skien Airport Geiteryggen,스키엔 공항,SKE,노르웨이
"Skopje ""Alexander the Great"" Airport","스코페 ""알렉산더 대왕"" 공항",SKP,마케도니아
Skukuza Airport,스쿠쿠자 공항,SZK,남아프리카
Skvde Airport,훼브데 공항,KVB,스웨덴
Skyros Island National Airport,스키로스 아일랜드 내셔널 공항,SKU,그리스
Sleetmute Airport,슬리트무트 공항,SLQ,미국
Sliac Airport,슬리악 공항,SLD,슬로바키아
Sligo Airport,슬라이고 공항,SXL,아일랜드
Sloulin FieldInternational Airport,슬룰린 필드 국제 공항,ISN,미국
Slovenj Gradec Airport,슬로베니아 그라데츠 공항,n/a,슬로베니아
Smara Airport,스마라 공항,SMW,서사하라
Smith Field,스미스 필드,SMD,미국
Smith Reynolds Airport,스미스 레이놀즈 공항,INT,미국
Smithers Airport,스미더스 공항,YYD,캐나다
Smyrna Airport,서머나 공항,MQY,미국
Snake Bay Airport,스네이크 베이 공항,SNB,오스트레일리아
Soalala Airport,소알랄라 공항,DWB,마다가스카르
Sobral Regional Airport,소브랄 지역 공항,JSO,브라질
Sochi International Airport,소치 국제 공항,AER,러시아
Socotra Airport,소코트라 공항,SCT,예멘
Soekarno Hatta International Airport,수카르노 하타 국제공항,CGK,인도네시아
Sofia Airport,소피아 공항,SOF,불가리아
Sogndal Airport,송달 공항,SOG,노르웨이
Sohag International Airport,서학국제공항,HMB,이집트
Sohar Airport,소하르 공항,OHS,오만
Sokol Airport,소콜 공항,GDX,러시아
Solapur Airport,솔라푸르 공항,SSE,인도
Solent Airport,솔런트 공항,n/a,영국
Solidarity Szczecin Goleniow Airport,연대 슈체친 골레니우프 공항,SZZ,폴란드
Solomon Airport,솔로몬 공항,SLJ,오스트레일리아
Solovki Airport,솔로브키 공항,CSH,러시아
Solwezi Airport,솔웨지 공항,SLI,잠비아
Sonari Airport,소나리 공항,IXW,인도
Sonderborg Airport,쇠네르보르 공항,SGD,덴마크
Songea Airport,송에아 공항,SGX,탄자니아
Songyuan Chaganhu Airport,쑹위안 차간후 공항,YSQ,중국
Sorkjosen Airport,쇠르요센 공항,SOJ,노르웨이
Soroako Airport,소로아코 공항,SQR,인도네시아
Sorriso Airport,소리소 공항,SMT,브라질
Soto Cano Air Base,소토 카노 공군기지,XPL,온두라스
Soummam Abane Ramdane Airport,아바네 람데인 공항,BJA,알제리
South Andros Airport,사우스 안드로스 공항,TZN,바하마
South Arkansas Regional Airportat Goodwin Field,사우스 아칸소 공항앳 굿윈 필드,ELD,미국
South Bend International Airport,사우스 벤드 국제 공항,SBN,미국
South Bimini Airport,사우스 비미니 공항,BIM,바하마
South Caicos Airport,사우스 케이커스 공항,XSC,터크스케이커스 제도
South Goulburn Island Airport,사우스 골번 아일랜드 공항,GBL,오스트레일리아
South Indian Lake Airport,사우스 인디언 레이크 공항,XSI,캐나다
South Naknek Airport,사우스 나크넥 공항,WSN,미국
South Padre Island International Airport,사우스 파드레 아일랜드 국제공항,BRO,미국
South West Bay Airport,사우스 웨스트 베이 공항,SWJ,바누아투
Southampton Airport,사우샘프턴 공항,SOU,영국
Southdowns Airport,사우스다운스 공항,KIW,잠비아
Southeast Iowa Regional Airport,사우스이스트 아이오와 공항,BRL,미국
Southern California Logistics Airport,서던 캘리포니아 로지스틱스 공항,VCV,미국
Southern Wisconsin Regional Airport,서던 위스콘신 공항,JVL,미국
Southwest Florida International Airport,사우스웨스트 플로리다 국제공항,RSW,미국
Southwest Georgia Regional Airport,사우스웨스트 조지아 지역 공항,ABY,미국
Southwest Oregon Regional Airport,사우스웨스트 오리건 공항,OTH,미국
Sovetskaya Gavan Airport,소베츠카야 가반 공항,GVN,러시아
Sovetsky Airport,소베츠키 공항,OVS,러시아
Soyo Airport,소요공항,SZA,앙골라
Space Coast Regional Airport,스페이스 코스트 지역 공항,TIX,미국
Sphinx International Airport,스핑크스 국제공항,SPX,이집트
Spichenkovo Airport,스피첸코보 공항,NOZ,러시아
Spirit of St. Louis Airport,스피릿 오브 세인트루이스 공항,SUS,미국
Split Airport,스플리트 공항,SPU,크로아티아
Spokane International Airport,스포캔 국제 공항,GEG,미국
Spriggs Payne Airport,스프릭스 페인 공항,MLW,라이베리아
Spring Point Airport,스프링 포인트 공항,AXP,바하마
SpringFieldBranson National Airport,스프링필드 브랜슨 내셔널 공항,SGF,미국
Srednekolymsk Airport,스레드네콜림스크 공항,SEK,러시아
Sri Guru Ram Dass Jee International Airport,스리 구루 람 다스 지 국제공항,ATQ,인도
Sri Sathya Sai Airport,스리 사티아 사이 공항,PUT,인도
St Gallen-Altenrhein Airport,장크트갈렌 알텐라인 공항,ACH,스위스
St George Airport,세인트 조지 공항,SGO,오스트레일리아
St Mary's Airport,세인트 메리스 공항,ISC,영국
St. Anthony Airport,세인트 안토니 공항,YAY,캐나다
St. Catherine International Airport,세인트 캐서린 국제 공항,SKV,이집트
St. Clair County International Airport,세인트 클레어 카운티 국제 공항,PHN,미국
St. Cloud Regional Airport,세인트 클라우드 공항,STC,미국
St. George Airport,세인트 조지 공항,STG,미국
St. George Regional Airport,세인트 조지 공항,SGU,미국
St. John's International Airport,세인트 존스 국제 공항,YYT,캐나다
St. Lewis Airport,세인트 루이스 공항,YFX,캐나다
St. Louis Downtown Airport,세인트루이스 다운타운 공항,CPS,미국
St. Mary's Airport,세인트 메리스 공항,KSM,미국
St. Michael Airport,세인트 마이클 공항,SMK,미국
St. Paul Island Airport,세인트폴 아일랜드 공항,SNP,미국
St. Pete Clearwater International Airport,세인트피트 클리어워터 국제공항,PIE,미국
St. Theresa Point Airport,세인트 테레사 포인트 공항,YST,캐나다
Staniel Cay Airport,스타니엘 케이 공항,TYM,바하마
State College Regional Airport,스테이트 칼리지 지역공항,SCE,미국
Stavanger Airport Sola,스타방에르 공항 솔라,SVG,노르웨이
Stavropol Shpakovskoye Airport,스타브로폴 슈파콥스코예 공항,STW,러시아
Steamboat Springs Airport,스팀보트 스프링스 공항,SBS,미국
Stebbins Airport,스테빈스 공항,WBB,미국
Stella Maris Airport,스텔라 마리스 공항,SML,바하마
Stepanavan Airport,스테파나반 공항,n/a,아르메니아
Stephenville International Airport,스테판빌 국제 공항,YJT,캐나다
Stevens Village Airport,스티븐스 빌리지 공항,SVS,미국
Stewart International Airport,스튜어트 국제 공항,SWF,미국
Stillwater Regional Airport,스틸워터 공항,SWO,미국
Stinson Municipal Airport,스틴슨 공항,SSF,미국
Stockholm Arlanda Airport,스톡홀름 알란다 공항,ARN,스웨덴
Stockholm Bromma Airport,스톡홀름 브롬마 공항,BMA,스웨덴
Stockholm Skavsta Airport,스톡홀름 스카브스타 공항,NYO,스웨덴
Stockholm VAsteras Airport,스톡홀름 베스테로스 공항,VST,스웨덴
Stockton Metropolitan Airport,스톡턴 메트로폴리탄 공항,SCK,미국
Stokmarknes Airport Skagen,스톡마크네스 공항,SKN,노르웨이
Stony Rapids Airport,스토니래피즈 공항,YSF,캐나다
Stony River Airport,스토니 리버 공항,SRV,미국
Stord Airport Sorstokken,스트로드 공항,SRP,노르웨이
Stornoway Airport,스토노웨이 공항,SYY,영국
Storuman Airport,스토루만 공항,SQO,스웨덴
Strahan Airport,스트라한 공항,SRN,오스트레일리아
Strasbourg Airport,스트라스부르 공항,SXB,프랑스
Straubing Wallmhle Airport,스트라우빙 발뮐레 공항,RBM,독일
Strezhevoy Airport,스트레체보이 공항,SWT,러시아
Stronsay Airport,스트론세이 공항,SOY,영국
Stuart Island Airstrip,스튜어트 아일랜드 활주로,YRR,캐나다
Stupino Airport,스투피노 공항,n/a,러시아
Stuttgart Airport,슈투트가르트 공항,STR,독일
Stuttgart Municipal Airport,슈투트가르트 공항,SGT,미국
Suavanao Airport,수아바나오 공항,VAO,솔로몬 제도
Subic Bay International Airport,수빅 베이 국제 공항,SFS,필리핀
Suceava International Airport,수체아바 국제공항,SCV,루마니아
Sudbury Airport,서드베리 공항,YSB,캐나다
Sugimanuru Airport,스기마누루 공항,RAQ,인도네시아
Sui Airport,수이공항,SUL,파키스탄
Suifenhe Dongning Airport,수이펀허 동닝 공항,HSF,중국
Sukhothai Airport,수코타이 공항,THS,태국
Sukhumi Babushara Airport,수쿠미 바부샤라 공항,SUI,조지아
Suki Airport,스키 공항,SKC,파푸아뉴기니
Sukkur Airport,수쿠르 공항,SKZ,파키스탄
Sulaimaniyah International Airport,술라이마니야 국제공항,ISU,이라크
Sullivan Bay Water Aerodrome,설리번 베이 수상 비행장,YTG,캐나다
Sulphur Springs Municipal Airport,설파 스프링스 공항,SLR,미국
Sultan Abdul Aziz Shah Airport,술탄 압둘 아지즈 샤 공항,SZB,말레이시아
Sultan Abdul Halim Airport,술탄 압둘 할림 공항,AOR,말레이시아
Sultan Aji Muhammad Sulaiman Airport,술탄 아지 무하마드 술라이만 공항,BPN,인도네시아
Sultan Azlan Shah Airport,술탄 아즐란 샤 공항,IPH,말레이시아
Sultan Babullah Airport,술탄 바불라 공항,TTE,인도네시아
Sultan Bantilan Airport,술탄 반티란 공항,TLI,인도네시아
Sultan Haji Ahmad Shah Airport,술탄 하지 아흐마드 샤 공항,KUA,말레이시아
Sultan Hasanuddin International Airport,술탄 하사누딘 국제공항,UPG,인도네시아
Sultan Iskandar Muda International Airport,술탄 이스칸다르 무다 국제공항,BTJ,인도네시아
Sultan Ismail Petra Airport,술탄 이스마일 페트라 공항,KBR,말레이시아
Sultan Mahmud Airport,술탄 마흐무드 공항,TGG,말레이시아
Sultan Mahmud Badaruddin II International Airport,술탄 마흐무드 바다루딘 II 국제공항,PLM,인도네시아
Sultan Muhammad Kaharuddin III Airport,술탄 무하마드 카하루딘 3세 공항,SWQ,인도네시아
Sultan Muhammad Salahudin Airport,술탄 무하마드 살라후딘 공항,BMU,인도네시아
Sultan Syarif Kasim II International Airport,술탄 샤리프 카심 2세 국제공항,PKU,인도네시아
Sultan Thaha Airport,술탄 타하 공항,DJB,인도네시아
Sumarorong Mamasa Airport,수마로롱 마마사 공항,n/a,인도네시아
Sumbawanga Airport,숨바왕가 공항,SUT,탄자니아
Sumburgh Airport,섬버그 공항,LSI,영국
Summer Beaver Airport,서머 비버 공항,SUR,캐나다
Sumy Airport,수미 공항,UMY,우크라이나
Sunan Shuofang International Airport,쑤난 슈오팡 국제공항,WUX,중국
Sunchales Aeroclub Airport,순찰레스 에어로클럽 공항,NCJ,아르헨티나
Sundsvall Timra Airport,순스발 티므루 공항,SDL,스웨덴
Sunshine Coast Airport,선샤인 코스트 공항,MCY,오스트레일리아
Suntar Airport,순타르 공항,SUY,러시아
Sunyani Airport,쑤냐니 공항,NYI,가나
Supadio Airport,수파디오 공항,PNK,인도네시아
Surat Airport,수랏 공항,STV,인도
Surat Thani Airport,수랏타니 공항,URT,태국
Surgut International Airport,수르구트 국제공항,SGC,러시아
Surigao Airport,수리가오 공항,SUG,필리핀
Surkhet Airport,수르케트 공항,SKH,네팔
Suvarnabhumi Airport,수완나품 공항,BKK,태국
Suwalki Airport,수발키 공항,n/a,폴란드
Svalbard Airport Longyear,스발바르 공항 롱이어,LYR,노르웨이
Sveg Airport,스베그 공항,EVG,스웨덴
Svetlaya Airport,스베틀라야 공항,ETL,러시아
Svolvaer Airport Helle,스볼베르 공항,SVJ,노르웨이
Swami Vivekananda Airport,스와미 비베카난다 공항,RPR,인도
Swan River Airport,스완 리버 공항,ZJN,캐나다
Swansea Airport,스완지 공항,SWS,영국
Syamsudin Noor Airport,샴수단 누르 공항,BDJ,인도네시아
Sydney Airport,시드니 공항,SYD,오스트레일리아
Syktyvkar Airport,식티브카르 공항,SCW,러시아
Sylt Airport,실트 공항,GWT,독일
Syracuse Hancock International Airport,시러큐스 핸콕 국제 공항,SYR,미국
Syros Island National Airport,시로스 아일랜드 내셔널 공항,JSY,그리스
Syukuran Aminuddin Amir Airport,슈쿠란 아미누딘 아미르 공항,LUW,인도네시아
Syunik Airport,슈니크 공항,n/a,아르메니아
Taba International Airport,타바 국제 공항,TCP,이집트
Tabarka Ain Draham International Airport,타바르카 아인 드라함 국제공항,TBJ,튀니지
Tabas Airport,타바스 공항,TCX,이란
Tabatinga International Airport,타바팅가 국제공항,TBT,브라질
Tabiteuea North Airport,타비테우에아 북공항,TBF,키리바시
Tabiteuea South Airport,타비테우에아 사우스 공항,TSU,키리바시
Tabora Airport,타보라 공항,TBO,탄자니아
Tabriz International Airport,타브리즈 국제 공항,TBZ,이란
Tabubil Airport,타부빌 공항,TBG,파푸아뉴기니
Tabuk Regional Airport,타부크 공항,TUU,사우디아라비아
Tacheng Airport,타청 공항,TCG,중국
Tachilek Airport,타칠렉 공항,THL,미얀마
Tacoma Narrows Airport,타코마 내로스 공항,TIW,미국
Tadoule Lake Airport,타둘레 레이크 공항,XTL,캐나다
Taganrog Airport,타간로크 공항,TGK,러시아
Tahoua Airport,타후아 공항,THZ,니제르
Taichung Airport,타이중 공항,RMQ,대만
Ta'if Regional Airport,타이프 공항,TIF,사우디아라비아
Tainan Airport,타이난 공항,TNN,대만
Taipei Songshan Airport,타이베이 쑹산 공항,TSA,대만
Taisha Airport,타이샤 공항,n/a,에콰도르
Taitung Airport,타이동 공항,TTT,대만
Taiwan Taoyuan International Airport,타이완 타오위안 국제공항,TPE,대만
Taiyuan Wusu International Airport,타이위안 우수 국제공항,TYN,중국
Taiz International Airport,타이즈 국제 공항,TAI,예멘
Taizhou Luqiao Airport,타이저우 루차오 공항,HYN,중국
Tajima Airport,다지마 공항,TJH,일본
Tak Airport,탁 공항,TKT,태국
Takaka Aerodrome,다카카 비행장,KTF,뉴질랜드
Takamatsu Airport,다카마쓰 공항,TAK,일본
Takapoto Airport,다카포토 공항,TKP,프랑스령 폴리네시아
Takaroa Airport,다카로아 공항,TKX,프랑스령 폴리네시아
Takhamalt Airport,타카말트 공항,VVZ,알제리
Takoradi Airport,타코라디 공항,TKD,가나
Takotna Airport,타코트나 공항,TCT,미국
Takume Airport,다쿠메 공항,TJN,프랑스령 폴리네시아
Talagi Airport,탈라기 공항,ARH,러시아
Talakan Airport,탈라칸 공항,TLK,러시아
Talas Airport,탈라스 공항,n/a,키르기스스탄
Taldykorgan Airport,탈디코간 공항,TDK,카자흐스탄
Tallahassee International Airport,탤러해시 국제 공항,TLH,미국
Tallinn Airport,탈린 공항,TLL,에스토니아
Taloyoak Airport,탈로요크 공항,YYH,캐나다
Tam Ky Airport,땀껑 공항,TMK,베트남
Tamale Airport,타말레 공항,TML,가나
Tamana Airport,다마나 공항,TMN,키리바시
Tamarindo Airport,타마린도 공항,TNO,코스타리카
Tambacounda Airport,탐바쿤다 공항,TUD,세네갈
Tambelan Airport,탐벨란 공항,TBX,인도네시아
Tambor Airport,탐보르 공항,TMU,코스타리카
Tambov Donskoye Airport,탐보프 돈스코예 공항,TBW,러시아
Tambrauw Werur Airport,탐브라우 웨루르 공항,n/a,인도네시아
Tamenghest Aguenar Airport,타만라세트 공항,TMR,알제리
Tampa International Airport,탬파 국제 공항,TPA,미국
Tampa Padang Airport,탬파 파당 공항,MJU,인도네시아
Tampere Pirkkala Airport,탐페레 피르칼라 공항,TMP,핀란드
TamuIn National Airport,타무인 공항,TSL,멕시코
Tamworth Airport,탬워스 공항,TMW,오스트레일리아
Tan Son Nhat International Airport,탄손누트 국제공항,SGN,베트남
Tan Tan Airport,탄탄 공항,TTA,모로코
Tana Toraja Airport,타나 토라자 공항,TRT,인도네시아
Tanah Merah Airport,타나 메라 공항,TMH,인도네시아
Tancredo Neves International Airport,탄크레도 네베스 국제공항,CNF,브라질
Tandag Airport,탄다그 공항,TDG,필리핀
Tanga Airport,탕가 공항,TGT,탄자니아
Tangara da Serra Airport,탕가라 다 세라 공항,TGQ,브라질
Tangerang Budiarto Airport,탕에랑 부디아르토 공항,RTO,인도네시아
Tangier Ibn Battouta Airport,탕헤르 이븐 바투타 공항,TNG,모로코
Tangshan Sannhe Airport,탕산 산뉘허 공항,TVS,중국
Tanjung Harapan Airport,탄중 하라판 공항,TJS,인도네시아
Tanjung Manis Airport,탄중 마니스 공항,TGC,말레이시아
Taos Regional Airport,타오스 지역공항,TSM,미국
Tapachula International Airport,타파출라 국제공항,TAP,멕시코
Tapini Airport,타피니 공항,TPI,파푸아뉴기니
Taplejung Airport,타평정 공항,TPJ,네팔
Tapuruquara Airport,타푸루콰라 공항,IRZ,브라질
Tarama Airport,타라마 공항,TRA,일본
Taranto Grottaglie Airport,타란토 그로타글리 공항,TAR,이탈리아
Tarapaca Airport,타라파카 공항,TCD,콜롬비아
Tarapoa Airport,타라포아 공항,TPC,에콰도르
Taraz Airport,타라즈 공항,DMB,카자흐스탄
Tarbes Lourdes Pyrenees Airport,타르브 루르드 피레네 공항,LDE,프랑스
Taree Airport,타리 공항,TRO,오스트레일리아
Targu Mures International Airport,타르구 무레슈 국제공항,TGM,루마니아
Tari Airport,타리 공항,TIZ,파푸아뉴기니
Tarinkot Airport,타린코트 공항,TII,아프가니스탄
Tarko Sale Airport,타르코살레 공항,TQL,러시아
Taroom Airport,타룸 공항,XTO,오스트레일리아
Tartagal Airport,타르타갈 공항,TTG,아르헨티나
Tartu Airport,타르투 공항,TAY,에스토니아
Tashkent International Airport,타슈켄트 국제 공항,TAS,우즈베키스탄
Tashkurgan Airport,타슈쿠르간 공항,HQL,중국
Tashtagol Airport,타스타골 공항,n/a,러시아
Tasiilaq Airport,타실라크 공항,AGM,그린란드
Tasikmalaya Airport,타식말라야 공항,TSY,인도네시아
Tasiujaq Airport,타시우자크 공항,YTQ,캐나다
Tatakoto Airport,다타코토 공항,TKV,프랑스령 폴리네시아
Tatalina LRRS Airport,타탈리나 LRRS 공항,TLJ,미국
Tatitlek Airport,타타이틀크 공항,TEK,미국
Taupo Airport,타우포 공항,TUO,뉴질랜드
Tauranga Airport,타우랑가 공항,TRG,뉴질랜드
Tawau Airport,타와우 공항,TWU,말레이시아
Tazadit Airport,타자디트 공항,OUZ,모리타니아
Tbilisi International Airport,트빌리시 국제 공항,TBS,조지아
Te Anau Airport,테아나우 공항,TEU,뉴질랜드
Tebelian Airport,테벨리안 공항,SQG,인도네시아
Tebessa Airport,테베사 공항,TEE,알제리
Ted Stevens Anchorage International Airport,테드 스티븐스 앵커리지 국제 공항,ANC,미국
Teesside International Airport,티스사이드 국제 공항,MME,영국
Tefe Airport,테페 공항,TFF,브라질
Tehran Imam Khomeini International Airport,테헤란 이맘 호메이니 국제 공항,IKA,이란
Tehuacan Airport,테우아칸 공항,TCN,멕시코
Teixeira de Freitas Airport,테세이라 데 프레이타스 공항,TXF,브라질
Tekirdag corlu Airport,테키르다 촐루 공항,TEQ,터키
Tela Airport,텔라 공항,TEA,온두라스
Telavi Erekle II Airport,텔라비 에레클레 2세 공항,n/a,조지아
Telfer Airport,텔퍼 공항,TEF,오스트레일리아
Teller Airport,텔러 공항,TLA,미국
Telluride Regional Airport,텔루라이드 지역공항,TEX,미국
Telupid Airport,텔루피드 공항,TEL,말레이시아
Ten. Cel. Av. Cesar Bombonato Airport,우벨란디아 공항,UDI,브라질
Tenakee Seaplane Base,테나키 수상비행기 기지,TKE,미국
Tenerife North Airport,테네리페 북부 공항,TFN,스페인
Tenerife South Airport,테네리페 남부 공항,TFS,스페인
Tengchong Tuofeng Airport,텅충 투오펑 공항,TCZ,중국
Teniente Amin Ayub Gonzalez Airport,테니엔테 아민 아유브 곤잘레스 공항,ENO,파라과이
Teniente Coronel Luis a Mantilla International Airport,테니엔테 코로넬 루이스 아 만티야 국제공항,TUA,에콰도르
Teniente General BenjamIn Matienzo International Airport,테니엔테 제네랄 벤하민 마티엔조 국제공항,TUC,아르헨티나
Teniente Jorge Henrich Arauz Airport,테니엔테 호르헤 헨리히 아라우즈 공항,TDD,볼리비아
Teniente Julio Gallardo Airport,테니엔테 훌리오 가야르도 공항,PNT,칠레
Tennant Creek Airport,테넌트 크릭 공항,TCA,오스트레일리아
Tenzing Hillary Airport,텐징 힐러리 공항,LUA,네팔
Teply Klyuch Airport,테플리 클류치 공항,KDY,러시아
Teresina Senador Petronio Portella Airport,테레지나 세나도르 페트로니우 포르텔라 공항,THE,브라질
Termas de RIo Hondo Airport,테르마스 데 리오 혼도 공항,RHD,아르헨티나
Termez Airport,테르메스 공항,TMJ,우즈베키스탄
Terney Airport,터니 공항,NEI,러시아
Ternopil Airport,테르노필 공항,n/a,우크라이나
Terrance B. Lettsome International Airport,테런스 B. 레섬 국제공항,EIS,영국령 버진아일랜드
Terre Haute International Airport,테레 호트 국제공항,HUF,미국
Teruel Airport,테루엘 공항,TEV,스페인
Teteala Baleine Airport,테트아라발레인 공항,ZTB,캐나다
Teterboro Airport,테터보로 공항,TEB,미국
Texada/Gillies Bay Airport,텍사다/길리스베이 공항,YGB,캐나다
Texarkana Regional Airport,텍사캐나 지역공항,TXK,미국
Tezpur Airport,테즈퍼 공항,TEZ,인도
Tezu Airport,테즈 공항,TEI,인도
Thandwe Airport,탄드웨 공항,SNW,미얀마
Thangool Airport,탄굴 공항,THG,오스트레일리아
Thargomindah Airport,달고민다 공항,XTG,오스트레일리아
The Eastern Iowa Airport,이스턴 아이오와 공항,CID,미국
The Granites Airport,더 그래니테스 공항,GTS,오스트레일리아
The Monument Airport,모뉴먼트 공항,PHQ,오스트레일리아
The Pas Airport,파스 공항,YQD,캐나다
Theodore Francis Green State Airport,시어도어 프랜시스 그린 스테이트 공항,PVD,미국
Thessaloniki Airport,테살로니키 공항,SKG,그리스
Thief River Falls Regional Airport,시프 리버 폴스 공항,TVF,미국
Thimarafushi Airport,티마라푸시 공항,TMF,몰디브
Tho Xuan Airport,토 쑤언 공항,THD,베트남
Thompson Airport,톰슨 공항,YTH,캐나다
Thorne Bay Seaplane Base,쏜 베이 수상비행기 기지,KTB,미국
Thorshofn Airport,토르쇼픈 공항,THO,아이슬란드
Thunder Bay International Airport,선더 베이 국제 공항,YQT,캐나다
Tianjin Binhai International Airport,톈진 빈하이 국제공항,TSN,중국
Tianshui Maijishan Airport,톈수이 마이지산 공항,THQ,중국
Tiga Airport,티가 공항,TGJ,뉴칼레도니아
Tijuana International Airport,티후아나 국제 공항,TIJ,멕시코
Tikehau Airport,티케하우 공항,TIH,프랑스령 폴리네시아
Tiksi Airport,틱시 공항,IKS,러시아
Timbiqui Airport,팀비키 공항,TBD,콜롬비아
Timbuktu Airport,팀북투 공항,TOM,말리
Timimoun Airport,티모운 공항,TMX,알제리
Timisoara Traian Vuia International Airport,티미쇼아라 트라이안 부이아 국제공항,TSR,루마니아
Timmins Victor M. Power Airport,티민스 빅터 M. 파워 공항,YTS,캐나다
Tin City LRRS Airport,틴 시티 LRRS 공항,TNC,미국
Tindouf Airport,틴두프 공항,TIN,알제리
Tingo MarIa Airport,팅고 마리아 공항,TGI,페루
Tingwall Airport,팅월 공항,LWK,영국
Tinian International Airport,티니안 국제공항,TIQ,북마리아나 제도
Tinson Pen Aerodrome,틴슨 펜 비행장,KTP,자메이카
Tioman Airport,티오만 공항,TOD,말레이시아
Tirana International AirportNene Tereza,티라나 국제공항Nene Tereza,TIA,알바니아
Tiree Airport,티리 공항,TRE,영국
Tiruchirappalli International Airport,티루치라팔리 국제공항,TRZ,인도
Tirupati Airport,티루파티 공항,TIR,인도
Tiska Djanet Airport,티스카 자네트 공항,DJG,알제리
Tissa Tank Waterdrome,티사 탱크 워터드롬,TTW,스리랑카
Tivat Airport,티밧 공항,TIV,몬테네그로
Tjilik Riwut Airport,질리크 리우트 공항,PKY,인도네시아
Tnte. FAP Jaime Montreuil Morales Airport,테니엔테 FAP 하이메 몽트뢰유 모랄레스 공항,CHM,페루
Toamasina Airport,토아마시나 공항,TMM,마다가스카르
TobIas Bolanos International Airport,토비아스 볼라뇨스 국제 공항,SYQ,코스타리카
Tobolsk Remezov Airport,토볼스크 레메조프 공항,RMZ,러시아
Tobruk Airport,토브룩 공항,TOB,리비아
Toccoa Airport,토코아 공항,TOC,미국
Tocumen International Airport,토쿠멘 국제 공항,PTY,파나마
Tofino Long Beach Airport,토피노 롱비치 공항,YAZ,캐나다
Togiak Airport,토기악 공항,TOG,미국
Tojo Una Una Tanjung Api Airport,도조 우나 우나 탄중 아피 공항,OJU,인도네시아
Tok Junction Airport,톡 정션 공항,TKJ,미국
Tokachi Obihiro Airport,도카치 오비히로 공항,OBO,일본
Tokat Airport,토캇 공항,TJK,터키
Toksook Bay Airport,톡숙베이 공항,OOK,미국
Tokunoshima Airport,도쿠노시마 공항,TKN,일본
Tokushima Airport,도쿠시마 공항,TKS,일본
Tolanaro Airport,톨라나로 공항,FTU,마다가스카르
Toledo Express Airport,톨레도 익스프레스 공항,TOL,미국
Toliara Airport,톨리아라 공항,TLE,마다가스카르
Tolmachevo Airport,톨마체보 공항,OVB,러시아
Tomas de Heres Airport,토마스 데 에레스 공항,CBL,베네수엘라
ToncontIn International Airport,톤콘틴 국제 공항,TGU,온두라스
Tonghua Sanyuanpu Airport,퉁화 싼위안푸 공항,TNH,중국
Tongliao Airport,퉁랴오 공항,TGO,중국
Tongoa Airport,통고아 공항,TGH,바누아투
Tongren Fenghuang Airport,퉁런 펑황 공항,TEN,중국
Toowoomba City Aerodrome,투움바 시티 비행장,TWB,오스트레일리아
Toowoomba Wellcamp Airport,투움바 웰캠프 공항,WTB,오스트레일리아
Topeka Regional Airport,토피카 공항,FOE,미국
Toronto Pearson International Airport,토론토 피어슨 국제 공항,YYZ,캐나다
TORP Sandefjord Airport,TORP 산데피오르드 공항,TRF,노르웨이
Torres Airport,토레스 공항,TOH,바누아투
Torres Airport,토레스 공항,TSQ,브라질
Torsby Airport,토스비 공항,TYF,스웨덴
Tortoli Airport,토르톨리 공항,TTB,이탈리아
Tortuguero Airport,토르투게로 공항,TTQ,코스타리카
Tosontsengel Airport,토손첸겔 공항,TNZ,몽골
Totegegie Airport,톳트제리 공항,GMR,프랑스령 폴리네시아
Tottori Airport,돗토리 공항,TTJ,일본
Touho Airport,동방 공항,TOU,뉴칼레도니아
Toulon Hyeres Airport,툴롱 예르 공항,TLN,프랑스
Toulouse Blagnac Airport,툴루즈 블라냑 공항,TLS,프랑스
Toulouse Francazal Airport,툴루즈 프랑카잘 공항,n/a,프랑스
Tours Val de Loire Airport,투르 발 드 루아르 공항,TUF,프랑스
Toussaint L'Ouverture International Airport,투생 루베르튀르 국제공항,PAP,아이티
Townsville Airport,타운스빌 공항,TSV,오스트레일리아
Toyama Airport,도야마 공항,TOY,일본
Tozeur Nefta International Airport,토제르 네프타 국제공항,TOE,튀니지
Trabzon Airport,트라브존 공항,TZX,터키
Trail Airport,트레일 공항,YZZ,캐나다
Trang Airport,짱 공항,TST,태국
Trat Airport,뜨랏 공항,TDX,태국
Treasure Cay Airport,트레저 케이 공항,TCB,바하마
Trenton Mercer Airport,트렌턴 머서 공항,TTN,미국
Trepell Airport,트레펠 공항,TQP,오스트레일리아
Tres Coracoes Airport,쓰리 코라코이스 공항,n/a,브라질
Tres de Mayo Airport,트레즈 데 마요 공항,PUU,콜롬비아
Treviso Sant'Angelo Airport,트레비소 산탄젤로 공항,TSF,이탈리아
Tri Cities Airport,트라이 시티 공항,PSC,미국
Tri Cities Regional Airport,트라이 시티스 공항,TRI,미국
Tri State Airport,트라이 스테이트 공항,HTS,미국
Tribhuvan International Airport,트리부반 국제공항,KTM,네팔
Trieste Airport,트리에스테 공항,TRS,이탈리아
Tripoli International Airport,트리폴리 국제 공항,TIP,리비아
Trivandrum International Airport,트리반드룸 국제 공항,TRV,인도
Trois Rivieres Airport,트루아 리비에르 공항,YRQ,캐나다
TrollhAttan VAnersborg Airport,트롤헤탄 베너스보르 공항,THN,스웨덴
Tromso Airport,트롬쇠 공항,TOS,노르웨이
Trondheim Airport,트론헤임 공항,TRD,노르웨이
Troyes Barberey Airport,트루아 바르베리 공항,QYR,프랑스
Truckee Tahoe Airport,트러키 타호 공항,TKF,미국
Trujillo Airport,트루히요 공항,TJI,온두라스
Trunojoyo Airport,트루노조요 공항,SUP,인도네시아
Tshikapa Airport,치카파 공항,TSH,콩고 민주공화국
Tsiroanomandidy Airport,치로아노만디디 공항,WTS,마다가스카르
Tsushima Airport,쓰시마 공항,TSJ,일본
Tuanku Tambusai Airport,투안쿠 탐부사이 공항,PPR,인도네시아
Tubala Airport,투발라 공항,TUW,파나마
Tubuai Mataura Airport,투부아이 마타우라 공항,TUB,프랑스령 폴리네시아
Tucson International Airport,투손 국제 공항,TUS,미국
TucuruI Airport,투쿠루이 공항,TUR,브라질
Tufi Airport,투피 공항,TFI,파푸아뉴기니
Tugdan Airport,툭단 공항,TBH,필리핀
Tuguegarao Airport,투게가라오 공항,TUG,필리핀
Tuktoyaktuk/James Gruben Airport,툭토야크툭/제임스 그루벤 공항,YUB,캐나다
Tulcea Danube Delta Airport,툴체아 다뉴브 델타 공항,TCE,루마니아
Tulita Airport,툴리타 공항,ZFN,캐나다
Tulsa International Airport,털사 국제 공항,TUL,미국
Tuluksak Airport,툴룩삭 공항,TLT,미국
Tulum International Airport,툴룸 국제 공항,TQO,멕시코
Tumbang Samba Airport,툼방 삼바 공항,TBM,인도네시아
Tumlingtar Airport,툼링타르 공항,TMI,네팔
Tumxuk Tangwangcheng Airport,툼쑥 탕왕청 공항,TWC,중국
Tunggul Wulung Airport,퉁굴 우룽 공항,CXP,인도네시아
Tunica Municipal Airport,투니카 시립공항,UTM,미국
Tunis Carthage International Airport,튀니스 카르타고 국제공항,TUN,튀니지
Tunoshna Airport,투노쉬나 공항,IAR,러시아
Tuntutuliak Airport,툰투툴리악 공항,WTL,미국
Tununak Airport,투누낙 공항,TNK,미국
Tupelo Regional Airport,투펠로 공항,TUP,미국
Tupile Airport,투필레 공항,TUE,파나마
Turaif Domestic Airport,투라이프 국내선 공항,TUI,사우디아라비아
Turbat International Airport,투르바트 국제 공항,TUK,파키스탄
Tureia Airport,투레이아 공항,ZTA,프랑스령 폴리네시아
Turin Airport,토리노 공항,TRN,이탈리아
Turkmenabat Airport,투르크메나바트 공항,CRZ,투르크메니스탄
Turkmenbashi International Airport,투르크멘바시 국제공항,KRW,투르크메니스탄
Turku Airport,투르쿠 공항,TKU,핀란드
Turpan Jiaohe Airport,투르판 자오허 공항,TLQ,중국
Turukhansk Airport,투루한스크 공항,THX,러시아
Tuscaloosa Regional Airport,터스컬루사 공항,TCL,미국
Tuticorin Airport,투티코린 공항,TCR,인도
Tuuta Airport,투우타 공항,CHT,뉴질랜드
Tuzla International Airport,투즐라 국제 공항,TZL,보스니아 헤르체고비나
Tweed New Haven Airport,트위드 뉴 헤이븐 공항,HVN,미국
Twin Hills Airport,트윈 힐스 공항,TWA,미국
Tyler Pounds Regional Airport,타일러 파운즈 공항,TYR,미국
Tynda Airport,틴다 공항,TYD,러시아
Tyndall Air Force Base,틴달 공군기지,PAM,미국
U Tapao International Airport,우타파오 국제공항,UTP,태국
Ua Huka Airport,우아후카 공항,UAH,프랑스령 폴리네시아
Ua Pou Airport,우아포우 공항,UAP,프랑스령 폴리네시아
Ubari Airport,우바리 공항,QUB,리비아
Ubatuba Airport,우바투바 공항,UBT,브라질
Ubon Ratchathani Airport,우본랏차타니 공항,UBP,태국
Udon Thani International Airport,우돈타니 국제공항,UTH,태국
Ufa International Airport,우파 국제 공항,UFA,러시아
Ugashik Airport,우가시크 공항,UGS,미국
Ugolny Airport,우골니 공항,DYR,러시아
UIge Airport,위제 공항,UGO,앙골라
Ujae Airport,우재공항,UJE,마샬 군도
Ukhta Airport,우흐타 공항,UCT,러시아
Ukunda Airport,우쿤다 공항,UKA,케냐
Ulaangom Airport,울란곰 공항,ULO,몽골
Ulanhot Airport,울란하오터 공항,HLH,중국
Ulanqab Airport,울란차브 공항,UCB,중국
Ulawa Airport,울라와 공항,RNA,솔로몬 제도
Ulei Airport,울레이 공항,ULB,바누아투
Ulsan Airport,울산공항,USN,대한민국
Ulukhaktok Airport,울루하톡 공항,YHI,캐나다
Ulundi Airport,울룬디 공항,ULD,남아프리카
Ulusaba Airstrip,울루사바 활주로,ULX,남아프리카
Ulyanovsk Baratayevka Airport,울리야놉스크 바라타예프카 공항,ULV,러시아
Ulyanovsk Vostochny Airport,울리야놉스크 보스토크니 공항,ULY,러시아
Uman Airport,우만 공항,n/a,우크라이나
Umberto Modiano Airport,움베르토 모디아노 공항,BZC,브라질
Umbria International Airport,움브리아 국제공항,PEG,이탈리아
Umea Airport,우메오 공항,UME,스웨덴
Umiujaq Airport,우미우자크 공항,YUD,캐나다
Una Comandatuba Airport,우나 코만다투바 공항,UNA,브라질
Unalakleet Airport,어널래클릿 공항,UNK,미국
Unalaska Airport,어널래스카 공항,DUT,미국
University of Illinois Willard Airport,일리노이 대학교 윌러드 공항,CMI,미국
University Oxford Airport,유니버시티 옥스퍼드 공항,UOX,미국
Upernavik Airport,우페르나비크 공항,JUV,그린란드
Upington Airport,어핑턴 공항,UTN,남아프리카
Urad Middle Banner Airport,우라드 미들배너 공항,WZQ,중국
Uranium City Airport,우라늄 시티 공항,YBE,캐나다
Uray Airport,우라이 공항,URJ,러시아
Urgench International Airport,우르겐치 국제 공항,UGC,우즈베키스탄
Urmia Airport,우르미아 공항,OMH,이란
Uru Harbour Airport,우루 항구 공항,ATD,솔로몬 제도
Urumqi Diwopu International Airport,우루무치 디워푸 국제공항,URC,중국
Urzhar Airport,우르자르 공항,UZR,카자흐스탄
USak Airport,우샤크 공항,USQ,터키
Usharal Airport,우샤랄 공항,USJ,카자흐스탄
Ushuaia Malvinas Argentinas International Airport,우수아이아 말비나스 아르헨티나스 국제공항,USH,아르헨티나
Usiminas Airport,우시미나스 공항,IPN,브라질
Usinsk Airport,우신스크 공항,USK,러시아
Ust Ilimsk Airport,우스트 일림스크 공항,UIK,러시아
Ust Kut Airport,우스트 쿠트 공항,UKX,러시아
Ust Kuyga Airport,우스트 쿠이가 공항,UKG,러시아
Ust Maya Airport,우스트 마야 공항,UMS,러시아
Ust Nera Airport,우스트 네라 공항,USR,러시아
Ust Tsilma Airport,우스트 틸마 공항,UTS,러시아
Ustupo Airport,우스투포 공항,UTU,파나마
Ustupu Ogobsucum Airport,우스투푸 오고브수쿰 공항,OGM,파나마
Utila Airport,우틸라 공항,UII,온두라스
Utirik Airport,유티릭 공항,UTK,마샬 군도
Utkela Airport,우트켈라 공항,UKE,인도
Uummannaq Umanak Airport,우만나크 우마낙 공항,UMD,그린란드
Uytash Airport,우이타쉬 공항,MCX,러시아
Uyuni Airport,우유니 공항,UYU,볼리비아
Uzhhorod International Airport,우즈호로드 국제공항,UDJ,우크라이나
Uzice Ponikve Airport,우지체 포니크베 공항,n/a,세르비아
V. C. Bird International Airport,V. C. 버드 국제공항,ANU,앤티가 바부다
Vaasa Airport,바사 공항,VAA,핀란드
Vaclav Havel AirportPrague,바츨라프 하벨 공항프라하,PRG,체코
Vadodara Airport,바도다라 공항,BDQ,인도
Vadso Airport,바드쇠 공항,VDS,노르웨이
Vaeroy Airport,베로이 공항,VRY,노르웨이
Vagar Airport,바가르 공항,FAE,페로제도
Vahitahi Airport,바히타히 공항,VHZ,프랑스령 폴리네시아
Val de Cans International Airport,발 드 꺉 국제 공항,BEL,브라질
Val d'Or Airport,발도르 공항,YVO,캐나다
Valdez Airport,밸디즈 공항,VDZ,미국
Valdosta Regional Airport,발도스타 공항,VLD,미국
Valenca Airport,발렌사 공항,VAL,브라질
Valencia Airport,발렌시아 공항,VLC,스페인
Valesdir Airport,발레스데르 공항,VLS,바누아투
Valladolid Airport,바야돌리드 공항,VLL,스페인
Valle del Conlara Airport,발레 델 콘라라 공항,RLO,아르헨티나
Vallenar Airport,발레나르 공항,n/a,칠레
Valley International Airport,밸리 국제 공항,HRL,미국
Van Don International Airport,반 돈 국제 공항,VDO,베트남
Van Ferit Melen Airport,반 페리 멜렌 공항,VAN,터키
Van Nuys Airport,반 누이 공항,VNY,미국
Vanavara Airport,바나바라 공항,VAQ,러시아
Vance W. Amory International Airport,밴스 W. 아모리 국제 공항,NEV,세인트키츠네비스
Vancouver Harbour Flight Centre,밴쿠버 하버 비행 센터,CXH,캐나다
Vancouver International Airport,밴쿠버 국제 공항,YVR,캐나다
Vanimo Airport,바니모 공항,VAI,파푸아뉴기니
Vanua Lava Airport,바누아 라바 공항,SLH,바누아투
Vanuabalavu Airport,바누아발라부 공항,VBV,피지
Vardo Airport Svartnes,바르되 공항 스바르트네스,VAW,노르웨이
Varkaus Airport,바르카우스 공항,VRK,핀란드
Varna Airport,바르나 공항,VAR,불가리아
Vavau International Airport,바바우 국제공항,VAV,통가
Vaxj Airport,벡셰/크로노베르크 공항,VXO,스웨덴
Veer Savarkar International Airport,비어 사바르카르 국제공항,IXZ,인도
Veer Surendra Sai Airport,비르 수렌드라 사이 공항,JRG,인도
Veliky Ustyug Airport,벨리키 우스티우그 공항,VUS,러시아
Vellore Airport,벨로르 공항,n/a,인도
Velsk Airport,벨스크 공항,n/a,러시아
Venango Regional Airport,베넹고 지역 공항,FKL,미국
Venetie Airport,베네티 공항,VEE,미국
Venice Marco Polo Airport,베네치아 마르코 폴로 공항,VCE,이탈리아
Venice Municipal Airport,베니스 공항,VNC,미국
Venustiano Carranza International Airport,베누스티아노 카란자 국제공항,LOV,멕시코
Verkhnevilyuysk Airport,베르흐네빌류스크 공항,VHV,러시아
Vermilion Regional Airport,버밀리언 공항,DNV,미국
Vernal Regional Airport,버널 공항,VEL,미국
Vero Beach Regional Airport,베로비치 공항,VRB,미국
Verona Villafranca Airport,베로나 빌라프랑카 공항,VRN,이탈리아
Vestmannaeyjar Airport,베스트만네이야 공항,VEY,아이슬란드
Vicecomodoro angel de la Paz Aragones Airport,비스코모도로 앙헬 데 라 파스 아라고네스 공항,SDE,아르헨티나
Victor Attah International Airport,빅터 아타 국제공항,QUO,나이지리아
Victoria Falls Airport,빅토리아 폴스 공항,VFA,짐바브웨
Victoria Harbour Water Airport,빅토리아 하버 워터 공항,YWH,캐나다
Victoria International Airport,빅토리아 국제 공항,YYJ,캐나다
Victoria Regional Airport,빅토리아 공항,VCT,미국
Vidyanagar Airport,비댜나가르 공항,VDY,인도
Vienna International Airport,비엔나 국제 공항,VIE,오스트리아
Vieste Heliport,비에스테 헬리포트,VIF,이탈리아
Vigan Mindoro Airport,비간 공항,n/a,필리핀
Vigo Peinador Airport,비고 페이나도르 공항,VGO,스페인
Vila Real Airport,빌라 레알 공항,VRL,포르투갈
Vila Rica Municipal Airport,빌라리카 공항,VLP,브라질
Vilankulo Airport,빌란쿨로 공항,VNX,모잠비크
Vilhelmina Airport,빌헬미나 공항,VHM,스웨덴
Vilhena Airport,빌헤나 공항,BVH,브라질
Villa Garzon Airport,빌라 가르손 에어포트 ,VGZ,콜롬비아
Villa Gesell Airport,빌라 게셀 에어포트 ,VLG,아르헨티나
Villa International AirportMaamigili,빌라 인터내셔널 에어포트 마미길리 ,VAM,몰디브
Villa Reynolds Airport,빌라 레이놀즈 에어포트 ,VME,아르헨티나
Vilnius Airport,빌니우스 공항,VNO,리투아니아
Vilo Acuna Airport,빌로 아쿠냐 공항,CYO,쿠바
Vilyuysk Airport,빌류이스크 공항,VYI,러시아
Vina del Mar Airport,비냐 델 마르 공항,KNA,칠레
Vincenzo Florio AirportTrapani Birgi,빈첸초 플로리오 공항트라파니 비르기,TPS,이탈리아
Vinh International Airport,빈 국제 공항,VII,베트남
Vipingo Airport,비핑고 공항,VPG,케냐
Virac Airport,비락 공항,VRC,필리핀
Viracopos/Campinas International Airport,비라코포스/캄피나스 국제공항,VCP,브라질
Virgin Gorda Airport,버진고르다 공항,VIJ,영국령 버진아일랜드
Virginia Airport,버지니아 공항,VIR,남아프리카
Virginia Highlands Airport,버지니아 하이랜드 공항,VJI,미국
Viru Viru International Airport,비루비루 국제공항,VVI,볼리비아
Visakhapatnam Airport,비사카파트남 공항,VTZ,인도
Visalia Municipal Airport,비살리아 공항,VIS,미국
Visby Airport,비스비 공항,VBY,스웨덴
Viseu Airport,비세우 공항,VSE,포르투갈
Vitebsk Vostochny Airport,비쳅스크 보스토크니 공항,VTB,벨라루시
Vitoria Airport,비토리아 공항,VIT,스페인
Vladivostok International Airport,블라디보스토크 국제 공항,VVO,러시아
Vnukovo International Airport,브누코보 국제공항,VKO,러시아
Vodochody Airport,보도초디 공항,VOD,체코
Voi Airport,보이 공항,n/a,케냐
Volgograd International Airport,볼고그라드 국제 공항,VOG,러시아
Vologda Airport,볼로그다 공항,VGD,러시아
Vopnafjrour Airport,보프나피외르뒤르 공항,VPN,아이슬란드
Vorkuta Airport,보르쿠타 공항,VKT,러시아
Voronezh International Airport,보로네시 국제공항,VOZ,러시아
Voronezh Pridacha Airport,보로네시 프리다차 공항,n/a,러시아
Vunisea Airport,부니세아 공항,KDV,피지
W. K. Kellogg Airport,W. K. 켈로그 공항,BTL,미국
Wa Airport,와 공항,WZA,가나
Wabush Airport,와부시 공항,YWK,캐나다
Waco Regional Airport,웨이코 지역 공항,ACT,미국
Wadi al Dawasir Domestic Airport,와디 알 다와시르 국내선 공항,WAE,사우디아라비아
Wadi Halfa Airport,와디 할파 공항,WHF,수단
Wagga Wagga Airport,와가와가 공항,WGA,오스트레일리아
Waimea Kohala Airport,와이메아 코할라 공항,MUE,미국
Wainwright Airport,웨인라이트 공항,AIN,미국
Wajir Airport,와지르 공항,WJR,케냐
Wakaya Airport,와카야공항,KAY,피지
Wakkanai Airport,왓카나이 공항,WKJ,일본
Walaha Airport,왈라하 공항,WLH,바누아투
Wales Airport,웨일스 공항,WAA,미국
Walla Walla Regional Airport,왈라왈라 공항,ALW,미국
Walvis Bay Airport,월브스 베이 공항,WVB,나미비아
Wamena Airport,와메나 공항,WMX,인도네시아
Wanaka Airport,와나카 공항,WKA,뉴질랜드
Wang an Airport,왕안공항,WOT,대만
Wanigela Airport,와니겔라 공항,AGL,파푸아뉴기니
Wanzhou Wuqiao Airport,완저우 우차오 공항,WXN,중국
Wapenamanda Airport,와페나만다 공항,WBM,파푸아뉴기니
Warangal Airport,와랑갈 공항,WGC,인도
Warraber Island Airport,워레이버 아일랜드 공항,SYU,오스트레일리아
Warri Airport,와리 공항,QRW,나이지리아
Warrnambool Airport,워남불 공항,WMB,오스트레일리아
Warsaw Chopin Airport,바르샤바 쇼팽 공항,WAW,폴란드
Warsaw Modlin Airport,바르샤바 모들린 공항,WMI,폴란드
Warukin Airport,와루킨 공항,TJG,인도네시아
Washington County Airport,워싱턴 카운티 공항,WSG,미국
Washington Dulles International Airport,워싱턴 덜레스 국제 공항,IAD,미국
Waskaganish Airport,와스카가니시 공항,YKQ,캐나다
Waspam Airport,와스팸 공항,WSP,니카라과
Waterfall Seaplane Base,폭포 수상 비행기 기지,KWF,미국
Waterford Airport,워터퍼드 공항,WAT,아일랜드
Waterloo Regional Airport,워털루 공항,ALO,미국
Watertown International Airport,워터타운 국제공항,ART,미국
Watertown Regional Airport,워터타운 지역공항,ATY,미국
Watson Lake Airport,왓슨 레이크 공항,YQH,캐나다
Wattay International Airport,왓타이 국제 공항,VTE,라오스
Wau Airport,와우 공항,WUU,수단
Waukesha County Airport,워키샤 카운티 공항,UES,미국
Way Tuba Gatot Subroto Airport,웨이 튜바 가토트 수브로토 공항,WTX,인도네시아
Waynesville St. Robert Regional Airport,웨인스빌 세인트. 로버트 지역공항,TBN,미국
Webequie Airport,웨퀴 공항,YWP,캐나다
Weerawila Airport,위라윌라 공항,WRZ,스리랑카
Weeze Airport,위즈 공항,NRN,독일
Weifang Airport,웨이팡 공항,WEF,중국
Weihai Dashuibo Airport,웨이하이 다수이보 공항,WEH,중국
Weipa Airport,웨이파 공항,WEI,오스트레일리아
Wekweeti Airport,베크웨티 공항,YFJ,캐나다
Wellington International Airport,웰링턴 국제 공항,WLG,뉴질랜드
Wemindji Airport,웨민지 공항,YNC,캐나다
Wenshan Puzhehei Airport,원산푸저헤이 공항,WNH,중국
Wenzhou Longwan International Airport,원저우 룽완 국제공항,WNZ,중국
West Angelas Airport,웨스트 앤젤러스 공항,WLP,오스트레일리아
West Kootenay Regional Airport,웨스트 쿠트네이 지역 공항,YCG,캐나다
West Kutai Melalan Airport,웨스트 쿠타이 멜라란 공항,GHS,인도네시아
West Michigan Regional Airport,웨스트 미시간 지역 공항,n/a,미국
West Point Village Seaplane Base,웨스트 포인트 빌리지 수상비행기 기지,KWP,미국
Westchester County Airport,웨스트체스터 카운티 공항,HPN,미국
Westerly State Airport,웨스털리 스테이트 공항,WST,미국
Western Nebraska Regional Airport,웨스턴 네브래스카 리저널 공항,BFF,미국
WestField Barnes Regional Airport,웨스트필드 반스 공항,BAF,미국
Westover Metropolitan Airport,웨스트오버 메트로폴리탄 공항,CEF,미국
Westport Airport,웨스트포트 공항,WSZ,뉴질랜드
Westray Airport,웨스트레이 공항,WRY,영국
Wewak Airport,웨왁 공항,WWK,파푸아뉴기니
Whakatane Airport,와카타네 공항,WHK,뉴질랜드
Whale Cove Airport,웨일 코브 공항,YXN,캐나다
Whanganui Airport,황가누이 공항,WAG,뉴질랜드
Whangarei Airport,황가레이 공항,WRE,뉴질랜드
Whati Airport,화이티 공항,YLE,캐나다
White Mountain Airport,화이트 마운틴 공항,WMO,미국
Whitegrass Airport,화이트그래스 공항,TAH,바누아투
Whitsunday Coast Airport,휘트선데이 코스트 공항,PPP,오스트레일리아
Whyalla Airport,화이앨라 공항,WYA,오스트레일리아
Wiarton Airport,위어턴 공항,YVV,캐나다
Wichita Colonel James Jabara Airport,위치타 대령 제임스 자바라 공항,AAO,미국
Wichita Dwight D. Eisenhower National Airport,위치타 드와이트 D. 아이젠하워 내셔널 공항,ICT,미국
Wichita Falls Municipal Airport,위치타 폴스 공항,SPS,미국
Wick Airport,윅 공항,WIC,영국
Wildman Lake Airport,와일드먼 레이크 공항,EWD,미국
Wiley Post Will Rogers Memorial Airport,와일리 포스트 윌 로저스 메모리얼 공항,BRW,미국
Wilkes Barre/Scranton International Airport,윌크스배러/스크랜턴 국제공항,AVP,미국
Will Rogers World Airport,윌 로저스 월드 공항,OKC,미국
William P. Hobby Airport,윌리엄 P. 하비 공항,HOU,미국
William R. Fairchild International Airport,윌리엄 R. 페어차일드 국제 공항,CLM,미국
Williams Harbour Airport,윌리엄스 하버 공항,YWM,캐나다
Williams Lake Airport,윌리엄스 레이크 공항,YWL,캐나다
Williamson County Regional Airport,윌리엄슨 카운티 공항,MWA,미국
Williamsport Regional Airport,윌리엄스포트 공항,IPT,미국
Williston Basin International Airport,윌리스턴 베이슨 국제 공항,XWA,미국
Willow Run Airport,윌로우 런 공항,YIP,미국
Wilmington Air Park,윌밍턴 에어파크,ILN,미국
Wilmington Airport,윌밍턴 공항,ILG,미국
Wilmington International Airport,윌밍턴 국제 공항,ILM,미국
Wilson Airport,윌슨 공항,WIL,케냐
Wiluna Airport,윌루나 공항,WUN,오스트레일리아
Wilwal International Airport,윌왈 국제 공항,JIJ,이디오피아
Windorah Airport,윈도라 공항,WNR,오스트레일리아
Windsor International Airport,윈저 국제 공항,YQG,캐나다
Winnipeg James Armstrong Richardson International Airport,위니펙 제임스 암스트롱 리o드슨 국제 공항,YWG,캐나다
Winter Haven Regional Airport,윈터 헤이븐 지역 공항,GIF,미국
Winton Airport,윈턴 공항,WIN,오스트레일리아
Wipim Airport,위핌 공항,WPM,파푸아뉴기니
Wittman Regional Airport,위트먼 공항,OSH,미국
Woitape Airport,워이타페 공항,WTP,파푸아뉴기니
Woja Airport,워자 공항,WJA,마샬 군도
Wollaston Lake Airport,월러스턴 레이크 공항,ZWL,캐나다
Wonderboom Airport,원더붐 공항,PRY,남아프리카
Wonju Airport,원주공항,WJU,대한민국
Wonopito Airport,워노피토 공항,LWE,인도네시아
Woodbourne Airport,우드본 공항,BHE,뉴질랜드
Woodie Woodie Airport,우디 우디 공항,WWI,오스트레일리아
Worcester Regional Airport,우스터 공항,ORH,미국
Worland Municipal Airport,월랜드 시립공항,WRL,미국
Wotho Airport,워토 공항,WTO,마샬 군도
Wotje Airport,워체 공항,WTE,마샬 군도
Wrangell Airport,랭겔 공항,WRG,미국
WrocLaw Airport,브로츠와프 공항,WRO,폴란드
Wudalianchi Airport,우달리안치 공항,DTU,중국
Wuhai Airport,우하이 공항,WUA,중국
Wuhan Hannan Municipal Airport,우한 한난 시 공항,WHN,중국
Wuhan Tianhe International Airport,우한 톈허 국제공항,WUH,중국
Wuhu Xuanzhou Airport,우후 쉬안저우 공항,WHA,중국
Wunnummin Lake Airport,운눔민 레이크 공항,WNN,캐나다
Wuyishan Airport,우이산 공항,WUS,중국
Wuzhou Changzhoudao Airport,우저우 창저우다오 공항,n/a,중국
Wuzhou Xijiang Airport,우저우 시장 공항,WUZ,중국
Xai Xai Airport,샤이샤이 공항,VJB,모잠비크
Xewkija Airport/Heliport,셰우키야 공항/헬리포트,n/a,몰타
Xiamen Gaoqi International Airport,샤먼 가오치 국제공항,XMN,중국
Xi'an Xianyang International Airport,시안 셴양 국제공항,XIY,중국
Xiangxi Biancheng Airport,샹시 비엔청 공항,DXJ,중국
Xiangyang Liuji Airport,샹양 류지 공항,XFN,중국
Xichang Qingshan Airport,시창 칭산 공항,XIC,중국
Xieng Khouang Airport,시엥 쿠앙 공항,XKH,라오스
Xigaze Dingri Airport,시가제 딩그리 공항,DDR,중국
Xilinhot Airport,시린하오터 공항,XIL,중국
Xingtai Dalian Airport,싱타이 다롄 공항,XNT,중국
Xingyi Wanfenglin Airport,싱이 완펑린 공항,ACX,중국
Xining Caojiabao Airport,시닝 차오자바오 공항,XNN,중국
Xinyang Minggang Airport,신양 밍강 공항,XAI,중국
Xinyuan Nalati Airport,신위안 날라티 공항,NLT,중국
Xinzhou Wutaishan Airport,신저우 우타이산 공항,WUT,중국
Xishuangbanna Gasa Airport,시솽반나 가사 공항,JHG,중국
Xoxocotlan International Airport,소소코틀란 국제공항,OAX,멕시코
Xuzhou Guanyin Airport,쉬저우 관음 공항,XUZ,중국
Yacuiba Airport,야쿠이바 공항,BYC,볼리비아
Yakima Air Terminal,야키마 에어 터미널,YKM,미국
Yakubu Gowon Airport,야쿠부 고원 공항,JOS,나이지리아
Yakushima Airport,야쿠시마 공항,KUM,일본
Yakutat Airport,야쿠타트 공항,YAK,미국
Yakutsk Airport,야쿠츠크 공항,YKS,러시아
Yam Island Airport,얌 아일랜드 공항,XMY,오스트레일리아
Yamagata Airport,야마가타 공항,GAJ,일본
Yamaguchi Ube Airport,야마구치 우베 공항,UBJ,일본
Yampa Valley Airport,얌파 밸리 공항,HDN,미국
Yan'an Nanniwan Airport,옌안 난니완 공항,ENY,중국
Yanbu Airport,옌부 국내공항,YNB,사우디아라비아
Yancheng Nanyang International Airport,옌청 난양 국제공항,YNZ,중국
Yangon International Airport,양곤 국제 공항,RGN,미얀마
Yangyang International Airport,양양국제공항,YNY,대한민국
Yangzhou Taizhou Airport,양저우 타이저우 공항,YTY,중국
Yanji Chaoyangchuan Airport,옌지 차오양촨 공항,YNJ,중국
Yantai Penglai International Airport,옌타이 펑라이 국제공항,YNT,중국
Yaounde Nsimalen International Airport,야운데 은시말렌 국제공항,NSI,카메룬
Yap International Airport,얍 국제공항,YAP,미크로네시아연방
YariguIes Airport,야리기에스 공항,EJA,콜롬비아
Yarmouth Airport,야머스 공항,YQI,캐나다
Yasuj Airport,야스즈 공항,YES,이란
Yavatmal Airport,야바트말 공항,n/a,인도
Yeager Airport,예거 공항,CRW,미국
Yecheon Air Base,예천 공군기지,YEC,대한민국
Yedinka Airport,예딘카 공항,EDN,러시아
Yellowknife Airport,옐로나이프 공항,YZF,캐나다
Yellowstone Airport,옐로스톤 공항,WYS,미국
Yellowstone Regional Airport,옐로스톤 공항,COD,미국
Yemelyanovo International Airport,예멜랴노보 국제공항,KJA,러시아
Yenagoa Bayelsa Airport,예나고아 바예사 공항,n/a,나이지리아
YeniSehir Airport,예니셰히르 공항,YEI,터키
Yeosu/Suncheon Airport,여수/순천공항,RSU,대한민국
Yermolino Airport,예르몰리노 공항,n/a,러시아
Yevlakh Airport,예블라크 공항,YLV,아제르바이잔
Yeysk Airport,예이스크 공항,EIK,러시아
Yibin Wuliangye Airport,이빈우량예 공항,YBP,중국
Yichang Sanxia Airport,이창 산샤 공항,YIH,중국
Yichun Lindu Airport,이춘린두 공항,LDS,중국
Yichun Mingyueshan Airport,이춘 밍위에산 공항,YIC,중국
Yinchuan Hedong International Airport,인촨 허둥 국제공항,INC,중국
Yingkou Lanqi Airport,잉커우 란치 공항,YKH,중국
Yining Airport,이닝 공항,YIN,중국
Yiwu Airport,이우 공항,YIW,중국
Yogyakarta International Airport,족자카르타 국제공항,YIA,인도네시아
Yokangassi Airport,요캉가시 공항,NKY,콩고
Yola Airport,욜라 공항,YOL,나이지리아
Yonaguni Airport,요나구니 공항,OGN,일본
Yongchuan Daan General Airport,융촨단 종합공항,n/a,중국
Yongphulla Airport,용풀라 공항,YON,부탄
Yongshu Jiao Airport,용수교 공항,n/a,중국
Yongzhou Lingling Airport,융저우 링링 공항,LLF,중국
York Landing Airport,요크 랜딩 공항,ZAC,캐나다
Yorke Island Airport,요크 아일랜드 공항,OKR,오스트레일리아
Yorkton Municipal Airport,요크턴 공항,YQV,캐나다
Yoron Airport,요론 공항,RNJ,일본
Yoshkar Ola Airport,요시카르올라 공항,JOK,러시아
Youngstown Warren Regional Airport,영스타운 워렌 공항,YNG,미국
Yueyang Sanhe Airport,웨양 산허 공항,YYA,중국
Yulin Fumian Airport,위린 푸미안 공항,YLX,중국
Yulin Yuyang Airport,위린 공항,UYN,중국
Yuma International Airport,유마 국제공항,YUM,미국
Yuncheng Guangong Airport,원청 관광 공항,YCU,중국
Yurimaguas Moises Benzaquen Rengifo Airport,유리마과스 모이세스 벤자켄 렌기포 공항,n/a,페루
Yushu Batang Airport,유슈 바탕 공항,YUS,중국
Yutian Wanfang Airport,위톈 완팡 공항,YTW,중국
Yuzhno Kurilsk Mendeleyevo Airport,유즈노쿠릴스크 멘델레예보 공항,DEE,러시아
Yuzhno Sakhalinsk Airport,유즈노사할린스크 공항,UUS,러시아
Zabol Airport,자볼 공항,ACZ,이란
Zachar Bay Seaplane Base,자차 베이 수상비행기 기지,KZB,미국
Zadar Airport,자다르 공항,ZAD,크로아티아
Zafer Airport,자페르 공항,KZR,터키
Zagarzazu International Airport,자가르자주 국제공항,n/a,우루과이
Zagora Airport,자고라 공항,OZG,모로코
Zahedan Airport,자헤단 공항,ZAH,이란
Zakynthos International Airport,자킨토스 국제공항,ZTH,그리스
Zalingei Airport,잘링게이 공항,ZLX,수단
Zamboanga International Airport,잠보앙가 국제 공항,ZAM,필리핀
Zangilan International Airport,잔길란 국제공항,ZZE,아제르바이잔
Zanjan Airport,잔잔 공항,JWN,이란
Zaporizhzhia International Airport,자포리자 국제공항,OZH,우크라이나
Zaqatala International Airport,자카탈라 국제공항,ZTU,아제르바이잔
Zarafshan Airport,자라프샨 공항,AFS,우즈베키스탄
Zaragoza Airport,사라고사 공항,ZAZ,스페인
Zaranj Airport,자란즈 공항,ZAJ,아프가니스탄
Zargan Airport,자르간 공항,n/a,이란
Zaria Airport,자리아 공항,ZAR,나이지리아
Zaysan Airport,자이산 공항,SZI,카자흐스탄
Zemio Airport,제미오 공항,IMO,중앙아프리카공화국
Zenata Messali El Hadj Airport,제나타 메살리 엘 하지,TLM,알제리
Zephyrhills Municipal Airport,제퍼힐스 공항,ZPH,미국
Zero Airport,제로 공항,ZER,인도
Zeya Airport,제야 공항,EYA,러시아
Zhalantun Chengjisihan Airport,잘란툰 청지시한 공항,NZL,중국
Zhangjiajie Hehua Airport,장자제 허화 공항,DYG,중국
Zhangjiakou Ningyuan Airport,장자커우 닝위안 공항,ZQZ,중국
Zhangye Ganzhou Airport,장예 간저우 공항,YZY,중국
Zhanjiang Wuchuan Airport,잔장 우촨 공항,ZHA,중국
Zhaosu Tianma Airport,자오쑤 톈마 공항,ZFL,중국
Zhaotong Airport,자오퉁 공항,ZAT,중국
Zhengzhou Xinzheng International Airport,정저우 신정 국제공항,CGO,중국
Zhezkazgan Airport,제즈카즈간 공항,DZN,카자흐스탄
Zhigansk Airport,지간스크 공항,ZIX,러시아
Zhob Airport,조브 공항,PZH,파키스탄
Zhongwei Shapotou Airport,중웨이 샤포토우 공항,ZHY,중국
Zhoushan Putuoshan Airport,저우산 푸퉈산 공항,HSN,중국
Zhuhai Jinwan Airport,주하이 주완 공항,ZUH,중국
Zhytomyr Airport,지토미르 공항,ZTR,우크라이나
Zielona Gora Airport,지엘로나 고라 공항,IEG,폴란드
Ziguinchor Airport,지긴쇼르 공항,ZIG,세네갈
Zilina Airport,질리나 공항,ILZ,슬로바키아
Zinder Airport,진더 공항,ZND,니제르
Zonalnoye Airport,조날노예 공항,ZZO,러시아
Zonguldak Airport,존굴다크 공항,ONQ,터키
Zorg en Hoop Airport,조르그 앙 후프 공항,ORG,수리남
Zulu Inyala Airport,줄루 인얄라 공항,PZL,남아프리카
Zumbi dos Palmares International Airport,줌비 두스 팔마레스 국제 공항,MCZ,브라질
Zunyi Maotai Airport,쭌이 마오타이 공항,WMT,중국
Zunyi Xinzhou Airport,쭌이 신저우 공항,ZYI,중국
Zurich Airport,취리히 공항,ZRH,스위스
Zvartnots International Airport,즈바르트노츠 국제 공항,EVN,아르메니아
Zweibrcken Airport,츠바이브뤼켄 공항,ZQW,독일
Zyryanka Airport,지리얀카 공항,ZKP,러시아